-- MySQL dump 10.13  Distrib 8.0.25, for Win64 (x86_64)
--
-- Host: localhost    Database: facebook
-- ------------------------------------------------------
-- Server version	8.0.25

/*!40101 SET @OLD_CHARACTER_SET_CLIENT=@@CHARACTER_SET_CLIENT */;
/*!40101 SET @OLD_CHARACTER_SET_RESULTS=@@CHARACTER_SET_RESULTS */;
/*!40101 SET @OLD_COLLATION_CONNECTION=@@COLLATION_CONNECTION */;
/*!50503 SET NAMES utf8mb4 */;
/*!40103 SET @OLD_TIME_ZONE=@@TIME_ZONE */;
/*!40103 SET TIME_ZONE='+00:00' */;
/*!40014 SET @OLD_UNIQUE_CHECKS=@@UNIQUE_CHECKS, UNIQUE_CHECKS=0 */;
/*!40014 SET @OLD_FOREIGN_KEY_CHECKS=@@FOREIGN_KEY_CHECKS, FOREIGN_KEY_CHECKS=0 */;
/*!40101 SET @OLD_SQL_MODE=@@SQL_MODE, SQL_MODE='NO_AUTO_VALUE_ON_ZERO' */;
/*!40111 SET @OLD_SQL_NOTES=@@SQL_NOTES, SQL_NOTES=0 */;

--
-- Table structure for table `city`
--

DROP TABLE IF EXISTS `city`;
/*!40101 SET @saved_cs_client     = @@character_set_client */;
/*!50503 SET character_set_client = utf8mb4 */;
CREATE TABLE `city` (
  `id` int unsigned NOT NULL AUTO_INCREMENT,
  `name` varchar(100) COLLATE utf8mb4_unicode_ci NOT NULL,
  `created_at` datetime DEFAULT CURRENT_TIMESTAMP,
  `updated_at` datetime DEFAULT CURRENT_TIMESTAMP ON UPDATE CURRENT_TIMESTAMP,
  PRIMARY KEY (`id`)
) ENGINE=InnoDB AUTO_INCREMENT=101 DEFAULT CHARSET=utf8mb4 COLLATE=utf8mb4_unicode_ci;
/*!40101 SET character_set_client = @saved_cs_client */;

--
-- Dumping data for table `city`
--

LOCK TABLES `city` WRITE;
/*!40000 ALTER TABLE `city` DISABLE KEYS */;
INSERT INTO `city` VALUES (1,'Sauertown','2014-03-05 08:32:37','2017-04-07 23:39:49'),(2,'North Carmenland','2015-07-08 11:17:35','2021-07-16 21:55:00'),(3,'East Orlandoshire','2013-07-03 07:03:57','2019-05-03 18:45:28'),(4,'Lake Jonatantown','2015-02-08 06:24:10','2021-07-16 21:55:00'),(5,'Krisstad','2016-06-12 06:41:43','2019-05-28 05:16:51'),(6,'South Edland','2012-02-23 14:50:27','2019-02-14 12:29:10'),(7,'New Isaiahborough','2020-12-14 20:58:35','2021-07-16 21:55:00'),(8,'North Porter','2019-03-28 01:07:14','2021-07-16 21:55:00'),(9,'Lake Morrisshire','2016-09-15 02:11:14','2021-07-16 21:55:00'),(10,'North Marcella','2019-05-17 00:30:15','2021-07-16 21:55:00'),(11,'West Vancemouth','2017-03-01 02:38:29','2021-07-16 21:55:00'),(12,'Romainechester','2012-02-16 06:56:08','2019-10-25 03:29:27'),(13,'Alexandriaton','2015-11-05 20:32:25','2020-02-12 17:37:34'),(14,'East Augustafurt','2021-02-02 18:10:42','2021-07-16 21:55:00'),(15,'Gerrychester','2017-10-22 04:26:45','2019-05-18 23:23:47'),(16,'Port Bradyhaven','2015-09-19 13:06:48','2016-10-09 16:36:49'),(17,'Belleview','2014-12-29 12:13:55','2021-07-16 21:55:00'),(18,'Omachester','2019-02-12 10:45:28','2021-07-16 21:55:00'),(19,'Estebanshire','2014-05-17 13:58:50','2018-02-19 02:36:14'),(20,'Genovevastad','2021-06-19 09:36:17','2021-07-16 21:55:00'),(21,'Port Ethabury','2011-11-27 23:12:51','2020-05-05 00:06:10'),(22,'Waldoburgh','2020-11-09 18:20:35','2021-07-16 21:55:00'),(23,'North Addison','2019-10-28 13:14:27','2021-07-16 21:55:00'),(24,'Port Camron','2017-02-17 16:06:26','2019-04-13 06:44:39'),(25,'North Olaffurt','2013-11-17 18:29:48','2019-08-17 17:13:37'),(26,'Carliberg','2011-09-05 19:26:37','2016-02-29 00:50:43'),(27,'Wilberhaven','2019-05-02 00:48:18','2021-07-16 21:55:00'),(28,'South Josianeshire','2016-01-12 01:46:58','2020-11-05 16:40:28'),(29,'Krystalchester','2017-05-29 11:50:48','2021-07-16 21:55:00'),(30,'Lake Patience','2013-12-26 20:55:08','2015-06-13 21:04:04'),(31,'Emmerichshire','2017-12-06 22:24:32','2018-11-18 14:42:00'),(32,'Lake Solon','2015-12-06 01:22:20','2019-04-29 17:57:13'),(33,'Berthamouth','2012-03-18 00:49:12','2017-02-18 12:36:58'),(34,'Lake Brooksmouth','2015-08-07 22:38:39','2021-02-18 15:29:09'),(35,'South Curtisview','2016-12-26 08:56:32','2021-07-16 21:55:00'),(36,'Carleeview','2018-12-27 17:15:03','2021-07-16 21:55:00'),(37,'Chadville','2016-01-24 21:05:54','2021-07-16 21:55:00'),(38,'Griffinstad','2015-05-05 06:43:56','2019-12-13 22:34:57'),(39,'Suzannefort','2017-03-06 02:21:06','2021-07-16 21:55:00'),(40,'Eulaliaside','2012-09-02 04:25:54','2016-02-07 01:03:34'),(41,'New Retha','2013-06-21 14:41:25','2014-07-27 07:38:19'),(42,'New Margaretta','2021-03-28 16:32:36','2021-07-16 21:55:00'),(43,'South Rigobertoville','2016-10-21 18:12:15','2021-04-21 03:28:36'),(44,'Lake Dellastad','2020-04-22 01:14:17','2020-10-13 09:45:16'),(45,'Douglasbury','2012-05-22 20:27:12','2019-06-01 19:37:39'),(46,'Lebsackburgh','2018-05-13 23:33:49','2021-07-16 21:55:00'),(47,'New Franciscochester','2013-10-07 04:03:12','2020-04-25 14:15:31'),(48,'Yostfort','2012-12-04 02:44:57','2020-10-23 15:02:06'),(49,'Pfannerstillbury','2017-07-04 11:15:48','2021-07-16 21:55:00'),(50,'Myriambury','2014-07-21 12:32:31','2019-04-10 12:49:00'),(51,'North Rollinmouth','2012-10-04 23:32:38','2016-07-14 17:47:54'),(52,'New Thad','2017-04-26 16:24:03','2021-07-16 21:55:00'),(53,'Heavenport','2018-09-13 03:38:09','2021-07-16 21:55:00'),(54,'Lake Griffinmouth','2017-02-08 14:08:32','2021-07-16 21:55:00'),(55,'Zulaufview','2014-03-21 00:27:52','2014-04-29 19:39:16'),(56,'Bruenmouth','2020-04-01 01:15:58','2021-07-16 21:55:00'),(57,'New Christopherstad','2012-04-06 02:10:48','2013-06-27 20:18:48'),(58,'Hilpertview','2017-06-09 02:14:43','2017-06-27 02:40:01'),(59,'Lake Diego','2016-07-04 06:49:05','2020-02-02 01:06:24'),(60,'Luisaview','2012-06-07 17:34:57','2015-01-05 14:03:15'),(61,'East Moses','2017-10-18 15:00:51','2017-10-25 07:32:27'),(62,'South Major','2019-02-27 05:59:19','2021-07-16 21:55:00'),(63,'West Ada','2020-11-22 02:54:54','2021-07-16 21:55:00'),(64,'Juddborough','2016-12-25 09:35:47','2021-07-16 21:55:00'),(65,'South Rosario','2021-04-14 02:41:37','2021-07-16 21:55:00'),(66,'Margarettaburgh','2019-10-30 20:08:36','2021-07-16 21:55:00'),(67,'West Alizaton','2015-05-04 16:25:41','2017-07-08 05:24:00'),(68,'Kesslerburgh','2016-09-22 23:44:00','2017-04-27 22:23:11'),(69,'West Quentinside','2011-11-27 11:39:24','2015-02-07 12:46:40'),(70,'Kilbackberg','2011-08-10 11:02:05','2012-10-18 13:07:48'),(71,'North Cleve','2021-02-25 11:21:23','2021-07-16 21:55:00'),(72,'New Kayleeberg','2012-01-29 02:04:34','2016-03-15 00:44:14'),(73,'Camillastad','2011-08-18 18:56:56','2017-08-09 07:13:35'),(74,'South Keiraport','2014-07-24 03:47:12','2019-02-10 15:37:14'),(75,'North Jadon','2019-04-27 11:17:05','2021-07-16 21:55:00'),(76,'Port Mortonhaven','2014-12-16 02:35:31','2020-08-28 23:09:36'),(77,'Dashawnfort','2021-07-01 02:30:46','2021-07-16 21:55:00'),(78,'West Nadiaborough','2021-01-17 03:21:04','2021-07-16 21:55:00'),(79,'Gaetanoshire','2016-04-30 22:13:44','2019-02-01 06:59:40'),(80,'East Lydaton','2015-12-31 04:04:52','2021-05-21 10:00:37'),(81,'Bergefurt','2011-08-03 14:59:09','2013-08-14 20:57:19'),(82,'West Phyllis','2013-05-21 11:57:27','2021-07-16 21:55:00'),(83,'West Erling','2012-02-17 00:13:21','2017-03-08 04:37:05'),(84,'Rubiehaven','2019-01-22 03:32:51','2021-07-16 21:55:00'),(85,'North Daniellafort','2012-05-20 11:52:31','2019-01-20 04:04:25'),(86,'Lake Royalview','2016-02-26 10:49:07','2019-07-01 04:21:15'),(87,'West Janis','2019-12-19 21:08:01','2021-07-16 21:55:00'),(88,'Rempelfurt','2020-01-23 18:27:18','2021-07-16 21:55:00'),(89,'North Virginiabury','2013-01-04 06:36:04','2015-04-11 22:32:40'),(90,'South Winfield','2011-10-17 18:19:10','2013-12-03 17:04:25'),(91,'Welchbury','2014-03-04 08:05:45','2014-10-30 22:08:31'),(92,'Lenoraburgh','2014-09-21 20:49:16','2015-04-20 08:14:25'),(93,'North Eliside','2013-12-26 21:57:33','2020-04-24 01:34:40'),(94,'Pacochamouth','2016-02-03 22:56:05','2016-05-10 00:59:01'),(95,'Luciusville','2012-01-17 00:56:46','2020-11-21 08:13:22'),(96,'Kihnhaven','2016-04-15 22:09:22','2021-07-16 21:55:00'),(97,'Port Shanel','2021-04-21 18:13:18','2021-07-16 21:55:00'),(98,'North Aglae','2014-06-04 06:10:16','2018-03-26 19:47:02'),(99,'Lake Mallie','2017-03-27 01:24:01','2021-07-16 21:55:00'),(100,'North Ulices','2018-10-02 07:50:40','2021-07-16 21:55:00');
/*!40000 ALTER TABLE `city` ENABLE KEYS */;
UNLOCK TABLES;

--
-- Table structure for table `communities`
--

DROP TABLE IF EXISTS `communities`;
/*!40101 SET @saved_cs_client     = @@character_set_client */;
/*!50503 SET character_set_client = utf8mb4 */;
CREATE TABLE `communities` (
  `id` int unsigned NOT NULL AUTO_INCREMENT,
  `name` varchar(150) CHARACTER SET utf8mb4 COLLATE utf8mb4_unicode_ci NOT NULL,
  `created_at` datetime DEFAULT CURRENT_TIMESTAMP,
  `updated_at` datetime DEFAULT CURRENT_TIMESTAMP ON UPDATE CURRENT_TIMESTAMP,
  PRIMARY KEY (`id`),
  UNIQUE KEY `name` (`name`)
) ENGINE=InnoDB AUTO_INCREMENT=101 DEFAULT CHARSET=utf8mb4 COLLATE=utf8mb4_unicode_ci;
/*!40101 SET character_set_client = @saved_cs_client */;

--
-- Dumping data for table `communities`
--

LOCK TABLES `communities` WRITE;
/*!40000 ALTER TABLE `communities` DISABLE KEYS */;
INSERT INTO `communities` VALUES (1,'ex','2014-10-19 19:30:00','2021-07-16 22:01:01'),(2,'voluptates','2016-11-30 15:21:18','2021-07-16 22:01:01'),(3,'aliquid','2021-03-04 23:31:12','2021-07-16 22:01:01'),(4,'non','2018-04-15 17:06:18','2021-07-16 22:01:01'),(5,'quia','2013-05-18 15:46:32','2018-02-05 05:15:46'),(6,'rerum','2018-04-06 08:21:27','2020-05-26 20:24:25'),(7,'aperiam','2013-04-19 01:29:11','2016-07-22 20:38:22'),(8,'porro','2017-03-14 07:47:34','2021-07-16 22:01:01'),(9,'qui','2013-10-13 20:53:04','2017-03-12 05:38:50'),(10,'est','2015-06-09 14:11:09','2020-07-13 02:08:12'),(11,'deserunt','2017-07-14 14:23:59','2021-07-16 22:01:01'),(12,'dignissimos','2020-05-03 05:40:07','2021-07-16 22:01:01'),(13,'eligendi','2017-07-21 20:30:34','2021-07-16 22:01:01'),(14,'cum','2015-10-30 00:57:19','2021-07-16 22:01:01'),(15,'odit','2018-06-01 21:49:15','2018-07-30 00:42:06'),(16,'accusamus','2012-12-09 10:02:37','2017-06-19 15:23:42'),(17,'repellat','2020-06-21 17:34:02','2021-07-16 22:01:01'),(18,'amet','2015-09-19 02:33:24','2021-07-16 22:01:01'),(19,'labore','2016-01-19 11:41:57','2020-05-05 21:14:00'),(20,'fugit','2013-06-15 19:47:32','2013-12-27 16:08:58'),(21,'ipsam','2014-04-30 14:48:00','2016-04-20 02:17:50'),(22,'ut','2014-12-16 17:59:59','2021-07-16 22:01:01'),(23,'eveniet','2017-05-09 23:58:31','2017-11-20 21:04:06'),(24,'voluptatum','2019-09-20 20:22:08','2021-07-16 22:01:01'),(25,'accusantium','2012-12-23 06:38:25','2016-11-24 04:34:15'),(26,'nulla','2011-11-28 13:24:15','2016-10-07 20:14:24'),(27,'ab','2012-10-18 09:17:37','2018-08-15 16:19:18'),(28,'asperiores','2019-03-25 02:20:22','2021-07-16 22:01:01'),(29,'soluta','2012-05-15 02:31:00','2018-03-11 19:50:20'),(30,'aliquam','2012-09-15 14:43:36','2016-08-15 10:52:43');
/*!40000 ALTER TABLE `communities` ENABLE KEYS */;
UNLOCK TABLES;

--
-- Table structure for table `communities_users`
--

DROP TABLE IF EXISTS `communities_users`;
/*!40101 SET @saved_cs_client     = @@character_set_client */;
/*!50503 SET character_set_client = utf8mb4 */;
CREATE TABLE `communities_users` (
  `community_id` int unsigned NOT NULL,
  `user_id` int unsigned NOT NULL,
  `created_at` datetime DEFAULT CURRENT_TIMESTAMP,
  PRIMARY KEY (`community_id`,`user_id`),
  KEY `communities_users_user_id_fk` (`user_id`),
  CONSTRAINT `communities_users_community_id_fk` FOREIGN KEY (`community_id`) REFERENCES `communities` (`id`) ON DELETE CASCADE,
  CONSTRAINT `communities_users_user_id_fk` FOREIGN KEY (`user_id`) REFERENCES `users` (`id`) ON DELETE CASCADE
) ENGINE=InnoDB DEFAULT CHARSET=utf8mb4 COLLATE=utf8mb4_unicode_ci;
/*!40101 SET character_set_client = @saved_cs_client */;

--
-- Dumping data for table `communities_users`
--

LOCK TABLES `communities_users` WRITE;
/*!40000 ALTER TABLE `communities_users` DISABLE KEYS */;
INSERT INTO `communities_users` VALUES (1,55,'2016-04-30 04:18:58'),(1,60,'2021-01-17 02:52:34'),(1,81,'2013-07-14 07:58:47'),(2,95,'2013-07-26 06:13:03'),(3,29,'2015-03-01 02:47:24'),(3,40,'2020-01-02 21:45:05'),(3,80,'2015-09-16 02:24:38'),(4,11,'2018-11-01 00:50:04'),(4,43,'2013-12-04 02:00:40'),(4,76,'2014-04-08 06:35:41'),(4,87,'2019-06-07 19:52:04'),(5,3,'2019-03-31 15:26:24'),(5,66,'2018-11-02 04:08:53'),(5,77,'2015-11-17 10:20:03'),(5,92,'2018-03-01 06:09:20'),(5,95,'2019-01-16 22:31:24'),(5,97,'2019-01-08 12:46:21'),(6,36,'2011-11-10 12:41:56'),(6,62,'2018-08-16 12:06:15'),(6,71,'2018-05-25 23:24:57'),(6,72,'2012-11-17 09:12:21'),(6,73,'2021-02-06 17:14:38'),(6,84,'2014-02-17 20:15:13'),(6,86,'2016-03-10 09:50:53'),(8,13,'2013-12-12 14:28:04'),(8,22,'2012-02-11 00:46:04'),(9,17,'2017-09-12 21:16:36'),(9,25,'2011-11-25 20:17:29'),(9,41,'2021-02-22 03:15:37'),(9,46,'2020-11-23 11:55:01'),(9,61,'2018-06-11 10:45:03'),(9,67,'2019-08-01 15:07:27'),(9,84,'2016-11-17 11:05:31'),(9,85,'2013-08-02 06:29:21'),(10,2,'2020-10-31 02:57:09'),(10,12,'2014-11-06 09:59:40'),(10,13,'2019-02-20 15:59:09'),(10,93,'2014-11-05 12:37:15'),(11,68,'2013-05-10 05:41:40'),(11,99,'2016-09-14 23:56:02'),(12,9,'2015-07-11 08:11:08'),(12,36,'2013-06-05 22:43:02'),(12,52,'2020-10-20 04:53:11'),(12,59,'2014-12-19 19:49:37'),(12,77,'2020-09-20 10:31:39'),(12,96,'2018-11-07 13:39:00'),(12,99,'2014-08-11 11:34:48'),(13,85,'2020-12-23 07:57:58'),(14,47,'2012-11-08 15:36:01'),(14,69,'2015-08-26 18:52:44'),(15,49,'2019-10-11 10:30:42'),(15,51,'2017-01-01 13:42:05'),(15,73,'2021-02-01 15:22:43'),(16,74,'2012-02-10 05:29:03'),(16,78,'2019-10-13 23:31:40'),(17,17,'2017-05-02 12:14:53'),(18,1,'2020-05-10 11:56:02'),(19,5,'2017-08-07 05:38:08'),(19,18,'2011-08-13 16:14:23'),(19,69,'2016-05-02 10:11:41'),(19,80,'2013-10-08 19:09:16'),(19,100,'2019-09-06 16:20:15'),(20,3,'2014-02-11 12:39:33'),(20,19,'2015-07-14 11:31:18'),(20,89,'2016-05-05 21:58:25'),(21,17,'2015-02-21 04:43:19'),(21,60,'2017-11-04 14:41:33'),(21,87,'2016-12-15 10:10:33'),(21,100,'2018-06-09 22:56:28'),(22,3,'2012-10-17 10:48:12'),(22,8,'2014-01-06 16:11:13'),(22,40,'2015-12-29 16:39:50'),(22,72,'2015-04-20 00:41:46'),(23,21,'2012-02-04 09:07:08'),(23,28,'2020-02-12 22:01:47'),(23,52,'2016-04-08 23:06:14'),(24,53,'2014-03-18 18:47:46'),(24,97,'2014-02-08 16:56:38'),(25,17,'2020-06-14 01:18:46'),(25,29,'2016-10-13 15:02:46'),(25,93,'2015-06-29 05:19:30'),(26,94,'2020-02-25 02:49:59'),(27,1,'2014-06-13 15:43:19'),(27,7,'2012-10-18 19:38:59'),(27,38,'2019-03-13 11:09:41'),(27,47,'2019-12-03 12:29:56'),(28,12,'2015-07-12 17:02:44'),(28,14,'2020-02-26 23:33:17'),(28,50,'2016-07-06 14:22:05'),(29,2,'2020-06-26 09:57:31'),(29,27,'2013-02-23 15:40:03'),(29,32,'2019-09-23 22:19:03'),(29,34,'2019-10-19 11:31:03'),(29,78,'2021-02-15 14:10:14'),(29,88,'2019-11-04 11:16:31'),(30,13,'2016-04-13 14:26:28'),(30,26,'2011-09-29 02:20:52'),(30,30,'2018-04-08 03:23:52'),(30,76,'2020-06-24 15:49:09'),(30,82,'2020-09-24 07:55:16');
/*!40000 ALTER TABLE `communities_users` ENABLE KEYS */;
UNLOCK TABLES;

--
-- Table structure for table `country`
--

DROP TABLE IF EXISTS `country`;
/*!40101 SET @saved_cs_client     = @@character_set_client */;
/*!50503 SET character_set_client = utf8mb4 */;
CREATE TABLE `country` (
  `id` int unsigned NOT NULL AUTO_INCREMENT,
  `name` varchar(100) COLLATE utf8mb4_unicode_ci NOT NULL,
  `created_at` datetime DEFAULT CURRENT_TIMESTAMP,
  `updated_at` datetime DEFAULT CURRENT_TIMESTAMP ON UPDATE CURRENT_TIMESTAMP,
  PRIMARY KEY (`id`)
) ENGINE=InnoDB AUTO_INCREMENT=101 DEFAULT CHARSET=utf8mb4 COLLATE=utf8mb4_unicode_ci;
/*!40101 SET character_set_client = @saved_cs_client */;

--
-- Dumping data for table `country`
--

LOCK TABLES `country` WRITE;
/*!40000 ALTER TABLE `country` DISABLE KEYS */;
INSERT INTO `country` VALUES (1,'Ghana','2020-12-01 08:46:53','2021-07-16 21:55:33'),(2,'Mongolia','2016-12-16 23:36:39','2021-07-16 21:55:33'),(3,'Benin','2014-11-21 02:53:12','2021-07-16 21:55:33'),(4,'Switzerland','2016-03-19 00:33:09','2017-11-03 19:13:24'),(5,'Liberia','2013-09-04 16:50:51','2015-08-24 22:32:32'),(6,'Congo','2015-12-26 09:15:35','2021-07-16 21:55:33'),(7,'Mongolia','2018-10-07 19:30:08','2021-07-16 21:55:33'),(8,'United States Minor Outlying Islands','2017-03-16 09:31:49','2021-07-16 21:55:33'),(9,'San Marino','2019-11-20 10:51:22','2021-07-16 21:55:33'),(10,'American Samoa','2019-12-30 16:47:09','2021-07-16 21:55:33'),(11,'New Zealand','2017-05-01 17:03:33','2021-07-16 21:55:33'),(12,'Saint Martin','2013-12-26 00:54:07','2017-01-10 16:57:10'),(13,'Kazakhstan','2016-07-13 01:10:37','2020-08-21 19:56:11'),(14,'Congo','2020-08-10 01:52:47','2021-07-16 21:55:33'),(15,'Uzbekistan','2021-02-03 08:56:39','2021-07-16 21:55:33'),(16,'Saint Martin','2012-09-17 02:58:41','2013-04-11 21:14:03'),(17,'Moldova','2017-03-13 15:08:04','2018-11-13 01:26:23'),(18,'Saint Helena','2012-07-11 02:58:25','2015-05-07 01:13:52'),(19,'Solomon Islands','2013-09-05 08:21:51','2019-09-28 01:55:33'),(20,'Antigua and Barbuda','2020-02-08 18:21:18','2021-07-16 21:55:33'),(21,'French Guiana','2011-09-17 10:46:20','2015-01-03 11:50:23'),(22,'Estonia','2014-01-02 02:00:18','2021-07-16 21:55:33'),(23,'Korea','2019-09-15 05:09:30','2021-07-16 21:55:33'),(24,'Bangladesh','2012-01-08 16:11:50','2018-05-22 20:59:38'),(25,'Zimbabwe','2019-10-28 10:17:41','2020-02-15 18:09:21'),(26,'Jamaica','2019-11-11 05:50:31','2021-07-16 21:55:33'),(27,'Guinea-Bissau','2020-01-31 04:08:02','2021-07-16 21:55:33'),(28,'Iraq','2012-07-02 02:35:27','2014-06-30 11:37:21'),(29,'Afghanistan','2017-08-09 19:28:45','2021-07-16 21:55:33'),(30,'Spain','2019-02-27 23:58:50','2021-07-16 21:55:33'),(31,'Chad','2020-11-19 10:45:21','2021-07-16 21:55:33'),(32,'Libyan Arab Jamahiriya','2019-05-01 13:41:18','2021-07-16 21:55:33'),(33,'Lesotho','2018-01-05 09:36:01','2021-07-16 21:55:33'),(34,'Cambodia','2017-11-30 07:15:42','2018-06-22 14:09:00'),(35,'Liberia','2018-05-25 07:25:05','2021-07-16 21:55:33'),(36,'Saint Lucia','2017-10-15 21:52:06','2021-07-16 21:55:33'),(37,'Latvia','2015-12-06 03:33:42','2016-03-11 10:15:25'),(38,'Azerbaijan','2018-07-14 09:24:17','2019-09-24 23:03:46'),(39,'Hungary','2014-04-02 23:22:02','2016-05-26 12:45:30'),(40,'Serbia','2017-05-03 12:58:22','2021-07-16 21:55:33'),(41,'Marshall Islands','2016-04-17 20:45:45','2020-05-19 07:33:33'),(42,'Mauritius','2020-02-04 09:44:45','2021-07-16 21:55:33'),(43,'Reunion','2012-03-17 21:07:32','2021-07-16 21:55:33'),(44,'Northern Mariana Islands','2020-09-18 19:25:34','2021-07-16 21:55:33'),(45,'Qatar','2012-07-17 00:25:54','2021-07-16 21:55:33'),(46,'Indonesia','2014-04-29 04:54:26','2018-11-12 08:39:59'),(47,'Botswana','2018-08-13 05:22:05','2021-07-16 21:55:33'),(48,'Oman','2013-05-26 12:43:22','2021-07-16 21:55:33'),(49,'Iceland','2011-09-13 12:29:06','2020-09-10 11:43:39'),(50,'Tonga','2015-11-04 02:02:53','2017-12-06 03:15:49'),(51,'Bouvet Island (Bouvetoya)','2014-08-15 17:52:39','2015-12-25 21:23:31'),(52,'Suriname','2017-09-26 10:50:37','2017-11-24 03:54:37'),(53,'Ethiopia','2017-07-17 11:35:33','2019-10-05 10:05:44'),(54,'Japan','2019-10-15 12:43:57','2021-07-16 21:55:33'),(55,'Cuba','2014-01-04 02:21:26','2021-07-16 21:55:33'),(56,'United States Virgin Islands','2012-07-03 16:08:01','2018-01-16 12:38:23'),(57,'Bahrain','2021-03-27 16:45:57','2021-07-16 21:55:33'),(58,'Christmas Island','2013-03-19 18:28:48','2021-07-16 21:55:33'),(59,'Aruba','2014-08-13 00:04:27','2021-03-28 14:23:24'),(60,'Cape Verde','2011-07-22 14:00:03','2019-12-09 16:50:19'),(61,'Papua New Guinea','2011-10-12 23:35:26','2018-12-21 12:05:33'),(62,'Germany','2017-07-24 19:36:15','2021-07-16 21:55:33'),(63,'Mozambique','2014-09-22 08:51:31','2020-01-13 05:42:59'),(64,'Saint Pierre and Miquelon','2019-08-01 13:11:14','2021-07-16 21:55:33'),(65,'British Indian Ocean Territory (Chagos Archipelago)','2016-11-21 13:53:48','2021-07-16 21:55:33'),(66,'Ecuador','2012-03-28 03:35:00','2013-05-27 09:41:43'),(67,'Micronesia','2011-10-15 23:10:13','2015-06-02 22:04:15'),(68,'Lithuania','2020-11-19 00:18:31','2021-07-16 21:55:33'),(69,'Djibouti','2013-12-04 18:49:54','2016-07-03 05:35:01'),(70,'Malawi','2016-02-03 14:37:48','2021-07-16 21:55:33'),(71,'Djibouti','2020-04-23 16:13:53','2021-07-16 21:55:33'),(72,'Norway','2018-07-26 14:50:48','2021-07-16 21:55:33'),(73,'Liechtenstein','2013-04-05 19:19:47','2014-04-13 14:00:12'),(74,'Congo','2012-10-18 09:46:15','2017-12-14 16:47:28'),(75,'British Virgin Islands','2019-10-12 13:33:57','2021-07-16 21:55:33'),(76,'Saint Helena','2013-09-30 13:19:28','2018-05-25 00:19:42'),(77,'Saint Helena','2012-06-01 01:19:12','2017-05-14 05:30:52'),(78,'Czech Republic','2020-01-08 02:22:42','2021-07-16 21:55:33'),(79,'Ukraine','2019-02-01 22:28:30','2021-04-26 02:12:44'),(80,'Hong Kong','2014-10-16 21:50:56','2021-07-16 21:55:33'),(81,'Cuba','2014-07-16 07:25:33','2019-08-23 07:16:55'),(82,'Greece','2013-05-10 11:17:45','2021-07-16 21:55:33'),(83,'Christmas Island','2018-04-26 01:29:55','2021-07-16 21:55:33'),(84,'Slovenia','2013-12-23 06:04:36','2014-05-04 22:30:30'),(85,'Liechtenstein','2015-06-17 21:24:11','2018-05-31 00:20:03'),(86,'Jersey','2019-01-15 00:45:23','2021-07-16 21:55:33'),(87,'Malta','2019-10-06 11:04:55','2020-07-28 05:26:20'),(88,'Armenia','2017-02-26 16:27:05','2017-11-11 02:31:47'),(89,'Chile','2015-08-30 15:59:50','2021-07-16 21:55:33'),(90,'Mozambique','2013-09-05 16:44:57','2019-06-20 07:57:09'),(91,'Austria','2015-10-27 13:15:29','2019-03-18 09:14:43'),(92,'Hungary','2018-08-10 13:11:23','2021-07-16 21:55:33'),(93,'Cape Verde','2018-10-30 18:16:54','2019-08-14 08:30:12'),(94,'Yemen','2018-02-17 04:01:49','2021-07-16 21:55:33'),(95,'Madagascar','2011-10-14 03:37:26','2021-07-16 21:55:33'),(96,'Uzbekistan','2016-02-11 13:07:05','2019-02-05 15:01:42'),(97,'Western Sahara','2021-04-08 03:15:10','2021-07-16 21:55:33'),(98,'Guernsey','2017-04-09 00:18:36','2018-07-14 21:26:57'),(99,'Antarctica (the territory South of 60 deg S)','2018-07-26 09:45:17','2018-08-22 21:03:33'),(100,'United States Virgin Islands','2020-04-29 23:10:19','2021-07-16 21:55:33');
/*!40000 ALTER TABLE `country` ENABLE KEYS */;
UNLOCK TABLES;

--
-- Temporary view structure for view `dat`
--

DROP TABLE IF EXISTS `dat`;
/*!50001 DROP VIEW IF EXISTS `dat`*/;
SET @saved_cs_client     = @@character_set_client;
/*!50503 SET character_set_client = utf8mb4 */;
/*!50001 CREATE VIEW `dat` AS SELECT 
 1 AS `first_name`,
 1 AS `last_name`,
 1 AS `created_at`*/;
SET character_set_client = @saved_cs_client;

--
-- Table structure for table `event`
--

DROP TABLE IF EXISTS `event`;
/*!40101 SET @saved_cs_client     = @@character_set_client */;
/*!50503 SET character_set_client = utf8mb4 */;
CREATE TABLE `event` (
  `id` int unsigned NOT NULL AUTO_INCREMENT,
  `creator_id` int unsigned NOT NULL,
  `eventname` varchar(255) CHARACTER SET utf8mb4 COLLATE utf8mb4_unicode_ci NOT NULL,
  `event_sub_type_id` int unsigned NOT NULL,
  `eventype_id` int unsigned NOT NULL,
  `description` varchar(255) CHARACTER SET utf8mb4 COLLATE utf8mb4_unicode_ci NOT NULL,
  `start_time` datetime DEFAULT NULL,
  `end_time` datetime DEFAULT NULL,
  `location_id` int unsigned NOT NULL,
  `event_status_id` int unsigned NOT NULL,
  `medium_photo_id` int unsigned NOT NULL,
  `large_photo_id` int unsigned NOT NULL,
  `created_at` datetime DEFAULT CURRENT_TIMESTAMP,
  `updated_at` datetime DEFAULT CURRENT_TIMESTAMP ON UPDATE CURRENT_TIMESTAMP,
  PRIMARY KEY (`id`),
  UNIQUE KEY `description` (`description`),
  KEY `event_creator_id_fk` (`creator_id`),
  KEY `event_event_sub_type_id_fk` (`event_sub_type_id`),
  KEY `event_eventype_id_fk` (`eventype_id`),
  KEY `event_location_id_fk` (`location_id`),
  KEY `event_event_status_id_fk` (`event_status_id`),
  KEY `event_medium_photo_id_fk` (`medium_photo_id`),
  KEY `event_large_photo_id_fk` (`large_photo_id`),
  CONSTRAINT `event_creator_id_fk` FOREIGN KEY (`creator_id`) REFERENCES `users` (`id`) ON DELETE CASCADE,
  CONSTRAINT `event_event_status_id_fk` FOREIGN KEY (`event_status_id`) REFERENCES `event_statuses` (`id`) ON DELETE CASCADE,
  CONSTRAINT `event_event_sub_type_id_fk` FOREIGN KEY (`event_sub_type_id`) REFERENCES `event_sub_type` (`id`) ON DELETE CASCADE,
  CONSTRAINT `event_eventype_id_fk` FOREIGN KEY (`eventype_id`) REFERENCES `eventype` (`id`) ON DELETE CASCADE,
  CONSTRAINT `event_large_photo_id_fk` FOREIGN KEY (`large_photo_id`) REFERENCES `photo` (`id`) ON DELETE CASCADE,
  CONSTRAINT `event_location_id_fk` FOREIGN KEY (`location_id`) REFERENCES `location` (`id`) ON DELETE CASCADE,
  CONSTRAINT `event_medium_photo_id_fk` FOREIGN KEY (`medium_photo_id`) REFERENCES `photo` (`id`) ON DELETE CASCADE
) ENGINE=InnoDB AUTO_INCREMENT=101 DEFAULT CHARSET=utf8mb4 COLLATE=utf8mb4_unicode_ci;
/*!40101 SET character_set_client = @saved_cs_client */;

--
-- Dumping data for table `event`
--

LOCK TABLES `event` WRITE;
/*!40000 ALTER TABLE `event` DISABLE KEYS */;
INSERT INTO `event` VALUES (1,3,'dolores',1,2,'Qui quod fugit ut et eius quisquam. Eum rerum autem eligendi omnis rerum sit occaecati. Assumenda nemo voluptas soluta quia omnis explicabo. Quas natus pariatur officiis in blanditiis.','2018-09-26 06:23:52','2021-07-17 00:16:57',4,4,83,16,'2016-03-27 16:58:04','2021-07-17 00:58:19'),(2,32,'laudantium',1,12,'Quaerat nihil eum nihil perferendis quam asperiores sit. Molestiae incidunt cupiditate quas iste nobis. Nostrum et et quia est.','1981-01-03 14:41:57','1994-09-07 15:19:08',45,3,63,33,'2019-12-12 09:55:08','2021-07-17 00:58:19'),(3,79,'dolorem',2,6,'Omnis doloribus quia dolorum et ut. Quia ullam doloribus quis ratione voluptates. Fugit nesciunt qui dolore assumenda quo nam doloremque nihil.','1998-08-09 11:40:59','2021-07-17 00:16:57',65,2,86,22,'2019-06-05 01:40:39','2021-07-17 00:58:19'),(4,49,'impedit',2,12,'Ut voluptatem tempora aperiam nobis. Tempora voluptatum odit necessitatibus iure modi. Necessitatibus voluptatem quia a nemo nihil.','2013-03-19 00:27:16','2021-07-17 00:16:57',32,4,83,28,'2019-04-11 22:26:05','2021-07-17 00:58:19'),(5,88,'adipisci',2,4,'Quos cupiditate aliquid architecto doloremque quis. Nobis reprehenderit ipsum quia id dolor velit. Mollitia labore sit delectus corporis quam nisi libero. Placeat ratione suscipit eaque molestiae distinctio praesentium nam.','1980-03-19 14:48:17','2021-07-17 00:16:57',22,3,3,51,'2020-04-03 16:33:21','2021-07-17 00:58:19'),(6,46,'praesentium',2,11,'Laudantium fugit sit hic alias fuga deserunt. Sed aliquam vel eius voluptatem eaque tempore aut. Ea sunt distinctio dicta est.','1982-05-12 04:13:35','2021-07-17 00:16:57',22,3,1,47,'2018-03-28 07:49:30','2021-07-17 00:58:19'),(7,28,'ducimus',1,5,'Veniam ipsam cupiditate exercitationem esse est. Quo natus accusamus aut animi praesentium. Officiis iusto ratione distinctio illo optio atque laboriosam.','1994-09-30 03:35:22','2021-07-17 00:16:57',6,3,3,22,'2013-04-21 04:27:49','2021-07-17 00:58:19'),(8,2,'et',1,21,'Perferendis laborum non velit nisi facilis sit mollitia. Suscipit dolore quaerat dolores provident fugiat rem corporis. Neque consequatur voluptas et exercitationem laborum non.','1973-09-23 15:31:46','1997-07-08 07:36:38',75,3,49,18,'2021-06-14 08:03:31','2021-07-17 00:58:19'),(9,43,'omnis',2,18,'Aperiam esse quos doloribus a esse fugiat vitae sint. Cupiditate ut earum earum quia voluptatem voluptas quia sint. Exercitationem eaque consequatur et quia maiores.','2014-06-10 00:22:59','2021-07-17 00:16:57',21,3,34,91,'2012-05-10 05:47:27','2021-07-17 00:58:19'),(10,53,'qui',2,19,'Aliquid occaecati et architecto libero assumenda magnam. Ab ut maxime doloribus facilis et. Inventore aliquid est quam autem molestiae culpa qui.','1979-09-18 16:03:15','1992-02-26 17:20:19',76,1,31,20,'2013-05-10 12:42:15','2021-07-17 00:58:19'),(11,6,'dolores',2,6,'Soluta nihil voluptas adipisci totam aut doloremque tempore. Et vel fugiat perspiciatis illum ipsa aut sit. Omnis voluptatem illo reiciendis in et. Animi placeat dolore nostrum corporis placeat ea temporibus.','1980-07-26 02:34:46','1986-02-27 20:42:09',35,4,43,43,'2019-01-27 20:04:18','2021-07-17 00:58:19'),(12,87,'dolorem',1,15,'Nihil architecto iusto et quos at rerum culpa. Quos doloremque quidem doloribus perspiciatis placeat pariatur aut.','1974-12-30 19:20:55','1985-10-17 07:26:10',20,4,27,43,'2017-08-19 05:30:43','2021-07-17 00:58:19'),(13,32,'ut',1,11,'Autem est et est nihil et sed. Qui incidunt ad ut cum dolor ut. Nihil et cupiditate nulla reiciendis cumque non aliquam.','1991-07-26 14:12:07','2003-03-27 19:31:04',61,3,2,39,'2012-09-27 22:09:31','2021-07-17 00:58:19'),(14,85,'ipsam',1,21,'Aspernatur enim velit expedita corrupti quo soluta ipsum quia. Excepturi officia quaerat mollitia sit similique excepturi nisi. Eligendi voluptatem rerum doloribus maiores nisi. Animi voluptatem vitae esse inventore perferendis ratione.','1983-02-14 15:11:39','1983-08-16 12:16:25',50,3,45,46,'2011-07-19 05:24:34','2021-07-17 00:58:19'),(15,98,'sit',1,11,'Velit iure voluptas aut et rerum voluptatem. Ipsum sint ullam ratione quas quasi sint dolor qui. Quos aut enim eveniet ea vitae ab enim. Beatae ea dolorum hic impedit. Minima ducimus voluptas commodi cupiditate earum sequi et.','1978-07-12 12:28:32','2003-03-12 00:02:26',99,2,42,65,'2016-12-26 17:52:57','2021-07-17 00:58:19'),(16,100,'amet',1,5,'Aut enim vitae porro ipsam ratione rem. Amet sed labore ipsa id repellendus temporibus quas. Dolores nesciunt eligendi accusamus temporibus.','2004-10-08 14:14:03','2021-07-17 00:16:57',93,1,28,33,'2016-01-20 11:19:49','2021-07-17 00:58:19'),(17,80,'consequatur',1,15,'Ratione consequatur optio et. Aspernatur qui voluptatem reprehenderit quisquam doloribus nam distinctio. Omnis inventore voluptatem consequatur dolores esse ea. Eveniet vel ipsum eum eos et voluptatem iure reprehenderit.','1980-05-27 00:55:42','2019-09-08 09:06:51',46,1,47,83,'2014-07-27 02:41:14','2021-07-17 00:58:19'),(18,75,'ad',1,1,'Reprehenderit accusantium aut consequatur suscipit dolor consequatur iusto. Modi saepe incidunt vel eos. Ad aut aperiam maxime omnis. Voluptatum corrupti maiores quam soluta dolorum.','1975-07-25 17:35:15','2021-07-17 00:16:57',31,3,62,55,'2020-11-16 21:07:33','2021-07-17 00:58:19'),(19,90,'asperiores',2,12,'Voluptas dicta assumenda aut impedit. Vel occaecati reiciendis et pariatur ipsam est deserunt. Aliquid quam nobis quisquam delectus. Aut rerum fugiat laborum omnis quisquam ea.','1989-06-05 10:02:41','2021-07-17 00:16:57',25,3,98,24,'2015-11-11 12:54:12','2021-07-17 00:58:19'),(20,25,'ea',2,21,'Et reprehenderit corrupti autem quo. Voluptatem est sed nisi voluptatibus mollitia repellendus enim possimus. Reiciendis nihil soluta doloribus autem.','2004-04-28 11:19:55','2012-10-18 20:21:20',19,1,57,76,'2015-08-31 08:10:44','2021-07-17 00:58:19'),(21,10,'nihil',1,17,'Reiciendis eum eos neque quis qui. Quod similique quis fugiat voluptas ut dolorem quos. Eligendi autem quo quasi blanditiis.','1996-02-27 16:41:49','2001-04-01 03:40:38',29,1,48,19,'2012-05-11 21:46:18','2021-07-17 00:58:19'),(22,50,'rem',2,3,'Laboriosam libero est necessitatibus unde sunt a consequatur. Libero dolores omnis temporibus eveniet ullam distinctio. Id velit quidem ut molestiae velit voluptatem est. Quas dolores modi amet nostrum. Eligendi sit nobis voluptatum ut a consequatur.','2007-11-15 00:20:26','2021-07-17 00:16:57',78,3,44,52,'2012-09-27 20:43:07','2021-07-17 00:58:19'),(23,27,'repudiandae',2,5,'Nam dolores blanditiis eos perspiciatis aperiam. Veniam quia a consequuntur ut quasi et. Provident provident blanditiis est quia praesentium.','1982-03-13 05:31:37','2009-06-07 01:24:10',66,3,28,44,'2018-03-17 22:11:46','2021-07-17 00:58:19'),(24,36,'et',1,4,'Provident rerum itaque corrupti consequatur accusantium sint. Explicabo est consequatur accusamus quidem atque quibusdam cupiditate. Iusto omnis in nam.','1971-11-16 20:58:05','1983-01-08 09:54:10',51,1,55,68,'2021-06-05 19:36:26','2021-07-17 00:58:19'),(25,78,'ea',2,18,'Et est omnis pariatur asperiores. Vel aut saepe officia dolorem fugit. Doloremque non sed et aut quis. Rerum eos non molestiae neque deserunt sunt.','2020-04-13 22:13:16','2021-07-17 00:16:57',58,2,54,33,'2014-07-30 15:03:05','2021-07-17 00:58:19'),(26,4,'accusantium',1,16,'Nemo eos eum voluptas pariatur corporis aperiam similique qui. Expedita soluta voluptatibus voluptatem omnis non vero.','1977-10-28 22:49:00','2021-07-17 00:16:57',25,4,7,46,'2019-06-28 12:31:49','2021-07-17 00:58:19'),(27,9,'sunt',1,1,'Mollitia fugiat velit accusamus est ullam. Aperiam est enim quis molestiae excepturi.','1995-06-12 08:44:33','2021-07-17 00:16:57',96,3,66,16,'2018-06-10 06:41:57','2021-07-17 00:58:19'),(28,80,'velit',2,7,'Rerum iste quia optio numquam. Dicta aut ab totam dolorem. Quisquam ut quod error reiciendis rerum reprehenderit optio.','2012-10-23 06:20:15','2021-07-17 00:16:57',86,2,33,52,'2014-08-31 20:15:26','2021-07-17 00:58:19'),(29,58,'aut',1,1,'Quia itaque veritatis et tempore maiores qui earum. Quam aut qui molestias quae. Quasi qui et libero sint dicta. Sapiente qui esse dolores nesciunt quia non.','1989-07-23 03:44:15','2007-10-10 22:08:34',6,1,80,42,'2015-06-04 02:43:41','2021-07-17 00:58:19'),(30,68,'nisi',1,15,'Et sunt porro recusandae alias commodi dolores. Laborum sapiente eum sint accusantium at. Voluptates et quo debitis esse veritatis. Dolorem magnam pariatur unde in.','1994-03-31 07:32:12','2021-07-17 00:16:57',2,4,95,73,'2015-05-20 04:46:06','2021-07-17 00:58:19'),(31,81,'odio',2,19,'Maxime sunt numquam debitis. Aspernatur delectus reiciendis dolores voluptas omnis. Sequi asperiores ullam ullam quod tenetur.','1992-01-15 16:58:03','2015-07-23 06:40:48',81,2,65,97,'2014-01-02 10:16:00','2021-07-17 00:58:19'),(32,89,'dolor',2,21,'Mollitia cumque totam libero. Ratione numquam unde rem earum. Quaerat suscipit assumenda nemo amet quod veniam magni ut. Dolor sunt ullam voluptas dolores.','2009-09-16 05:38:45','2021-07-17 00:16:57',29,3,67,83,'2011-12-26 03:47:53','2021-07-17 00:58:19'),(33,13,'quos',1,9,'Est nostrum tenetur consequatur adipisci veniam saepe magni. Dolor inventore neque beatae quae. Qui laborum corrupti nam incidunt neque minus minima autem.','1992-10-24 10:40:40','2018-07-27 02:12:59',52,2,36,66,'2019-02-14 07:03:41','2021-07-17 00:58:19'),(34,20,'reprehenderit',1,11,'Ducimus maxime dolores accusantium et odit. Nulla totam a reiciendis blanditiis dolorem consequatur. Quo dolore suscipit voluptatem debitis fugit quos sequi. Qui veniam a rerum soluta omnis. Eum aut sapiente sed dolor et reiciendis.','2002-12-09 14:01:28','2003-06-23 23:16:02',42,3,79,13,'2019-07-01 18:20:57','2021-07-17 00:58:19'),(35,25,'vel',2,12,'Saepe omnis eum ex ullam qui earum. Consequatur perspiciatis fugit ducimus a sit repudiandae. Sunt suscipit qui sint eaque accusamus. Ut eaque quas ex suscipit.','1993-12-24 14:24:40','2021-07-17 00:16:57',14,1,79,83,'2012-01-12 13:36:33','2021-07-17 00:58:19'),(36,77,'ea',1,11,'Molestiae ut eveniet perferendis eaque architecto. Assumenda necessitatibus accusamus incidunt voluptatum sed. Et alias qui expedita minus hic. Qui sit voluptatem fuga recusandae rerum voluptatem.','1981-09-07 02:34:24','1992-06-28 07:57:09',45,3,23,1,'2021-07-11 04:42:19','2021-07-17 00:58:19'),(37,32,'sequi',2,21,'Iste dignissimos molestias aliquid sapiente aut non. Suscipit sequi ab corporis fuga sit et error. Laborum sunt laudantium et ex inventore. Sunt modi sunt recusandae quae.','1989-08-02 05:47:59','2010-09-26 16:56:17',7,2,8,1,'2017-10-22 04:14:16','2021-07-17 00:58:19'),(38,79,'voluptates',2,4,'Ullam odit ipsa est. Repudiandae totam facere at dignissimos placeat itaque. Et odit laudantium tenetur occaecati a et. Ullam aut voluptatibus ipsum soluta suscipit.','2016-01-19 22:07:33','2021-07-17 00:16:57',11,1,80,94,'2020-10-05 17:13:47','2021-07-17 00:58:19'),(39,28,'repudiandae',2,21,'Nihil et similique ut nisi in officiis. Adipisci soluta sed ut eos distinctio ad. Sequi itaque sed unde voluptatem aperiam. Eos iure in expedita nostrum esse ut.','1981-02-23 17:28:43','2019-10-11 09:51:50',13,3,35,51,'2021-01-28 02:27:03','2021-07-17 00:58:19'),(40,50,'atque',2,4,'Architecto sit eaque laborum voluptas. Aut voluptas aut iste fugit repellendus eum.','1991-02-15 13:51:32','1995-06-07 07:42:53',15,1,46,72,'2014-05-22 10:56:18','2021-07-17 00:58:19'),(41,22,'deserunt',2,21,'Non porro nesciunt odio est deserunt qui et. Eos voluptates aut est laudantium. Libero qui enim quo eaque ab et. Commodi officiis tenetur officia ad repudiandae.','1999-10-17 15:13:16','2011-07-14 08:30:14',14,3,22,89,'2018-05-27 06:30:39','2021-07-17 00:58:19'),(42,81,'quia',1,7,'Aperiam voluptatem hic deserunt sed culpa. Aliquam est illum corrupti illo non. Quia ullam natus omnis perspiciatis doloribus error explicabo.','1971-08-01 20:39:41','1994-03-12 22:01:37',52,3,73,68,'2020-01-25 02:35:36','2021-07-17 00:58:19'),(43,22,'rerum',1,10,'Molestias exercitationem quaerat ut beatae assumenda. Porro sed voluptas aut sint enim nobis. Dolore sit ut ut doloremque et et nam excepturi. Alias quae fugiat ratione adipisci cupiditate error voluptatibus et.','1998-04-22 23:21:27','2021-07-17 00:16:57',12,2,2,27,'2013-04-19 21:19:33','2021-07-17 00:58:19'),(44,28,'occaecati',2,2,'Enim eos assumenda ut autem. Sed et voluptatem pariatur molestiae velit. Omnis amet fugiat ea assumenda ipsa atque dolorem porro.','1995-01-30 09:18:12','1998-12-03 21:00:25',61,4,33,13,'2018-08-20 04:34:29','2021-07-17 00:58:19'),(45,65,'alias',2,10,'Quaerat consequatur sit qui quo. Reprehenderit et vero amet sit. Nisi maiores provident occaecati assumenda reprehenderit omnis animi vero. Cumque ullam ad dignissimos cumque.','2012-09-18 14:45:30','2021-07-17 00:16:57',58,3,8,71,'2013-09-29 01:37:07','2021-07-17 00:58:19'),(46,28,'ut',1,11,'Maxime officia aut tempore perspiciatis sunt. Consequatur voluptate commodi voluptate et dolor. Ducimus velit laboriosam in.','2002-12-09 16:36:58','2021-07-17 00:16:57',74,1,50,6,'2018-03-09 06:42:38','2021-07-17 00:58:19'),(47,81,'et',2,18,'Officiis voluptas dolorum quasi porro explicabo quis. Sed quo dolorem molestiae magni laboriosam assumenda. Non et possimus natus autem. Assumenda incidunt unde laborum exercitationem itaque. Omnis adipisci laboriosam quas praesentium explicabo.','1998-01-07 09:47:18','2021-07-17 00:16:57',58,2,35,49,'2019-12-10 21:31:45','2021-07-17 00:58:19'),(48,37,'quis',1,19,'Totam cumque voluptatem aut quam cupiditate. Saepe quis accusantium fuga quia. Perferendis vel ducimus rerum similique sed assumenda.','1981-01-17 06:26:15','2021-07-17 00:16:57',31,4,22,58,'2019-03-23 19:44:57','2021-07-17 00:58:19'),(49,24,'ea',1,13,'Id quod odit ad est. Cum libero voluptatum cum tempore nobis vitae pariatur. Itaque provident iure dicta consequuntur. Commodi deserunt soluta cum id odio nemo.','1994-02-26 12:25:52','2006-05-26 05:50:06',56,1,37,81,'2020-11-13 09:44:52','2021-07-17 00:58:19'),(50,93,'accusamus',1,5,'Aliquam odit dolores maiores. Quam accusantium maiores incidunt sunt voluptas. Exercitationem ex eligendi sit nobis autem accusantium voluptas.','2020-05-26 13:38:38','2021-07-17 00:16:57',55,1,52,51,'2016-11-04 03:04:41','2021-07-17 00:58:19'),(51,98,'consequatur',1,19,'Explicabo labore sint non deserunt adipisci saepe repudiandae sed. Eos aspernatur aspernatur odit omnis. Placeat dolor in et possimus.','2016-10-25 00:39:35','2021-07-17 00:16:57',39,1,8,63,'2018-03-19 04:57:17','2021-07-17 00:58:19'),(52,92,'voluptatem',2,15,'Est eos numquam et enim et numquam animi. Earum reprehenderit inventore at nobis incidunt at. Amet et animi nulla fugiat. Nihil non corporis nemo distinctio eum eius nobis est.','2003-06-24 18:11:15','2016-11-02 18:55:00',33,3,100,18,'2014-08-24 04:30:58','2021-07-17 00:58:19'),(53,93,'at',1,14,'Autem voluptate et beatae amet. Quia sit voluptatibus perspiciatis dolor ullam nam aspernatur. Alias non qui fugiat consequuntur.','2010-02-10 01:03:34','2010-12-22 10:41:56',99,4,1,7,'2016-09-16 19:27:24','2021-07-17 00:58:19'),(54,28,'voluptas',1,5,'Incidunt error odit voluptate ratione sint est est fugiat. Quod et molestiae minus praesentium labore corrupti.','1979-08-19 17:03:54','1983-07-11 13:42:41',48,3,17,66,'2017-09-01 09:56:36','2021-07-17 00:58:19'),(55,79,'ullam',2,8,'Aliquam amet id dicta perferendis mollitia id. Vel aut dolorem quia rem cupiditate. Aut ullam minima velit accusamus. Aut debitis ut rerum rerum quia necessitatibus officia ducimus.','2009-02-04 07:12:57','2021-07-17 00:16:57',3,1,100,94,'2018-02-21 00:03:08','2021-07-17 00:58:19'),(56,67,'placeat',2,16,'Eveniet molestiae praesentium magnam aliquam et. Ut magni voluptates vero distinctio quis consequatur numquam. Maiores quidem consequatur similique dolorem dolores cum. Omnis illo est non accusamus dolorem.','1998-04-03 22:29:54','2021-07-17 00:16:57',2,4,34,5,'2011-08-02 03:21:24','2021-07-17 00:58:19'),(57,21,'accusamus',2,21,'In aut vitae commodi. Sed culpa labore reprehenderit deleniti recusandae tempora in. Qui hic vel necessitatibus esse id eum.','2010-08-24 02:53:32','2021-07-17 00:16:57',11,3,68,61,'2019-09-26 22:07:52','2021-07-17 00:58:19'),(58,98,'repellat',1,10,'Quos ut aut iure dolorem. Autem aliquam quae voluptas accusamus eos itaque.','1976-10-31 16:22:38','2017-03-20 22:47:07',5,4,12,3,'2020-06-16 10:27:42','2021-07-17 00:58:19'),(59,81,'corporis',2,4,'Omnis beatae et qui reiciendis. Omnis recusandae praesentium est explicabo ratione. Quis placeat fugiat aliquam ut quidem illo deleniti quaerat.','2009-06-24 05:44:04','2010-03-16 15:26:11',11,1,78,83,'2016-08-29 13:39:31','2021-07-17 00:58:19'),(60,81,'sunt',2,8,'Dolores animi aliquid ea quos totam ipsum. Aliquid aliquam consequuntur enim saepe aperiam quas dolores. Perspiciatis voluptates eum rerum. Nisi expedita labore quibusdam omnis laborum debitis voluptas.','1982-07-10 01:46:24','2018-09-23 13:33:37',5,1,85,67,'2014-11-30 19:09:13','2021-07-17 00:58:19'),(61,76,'commodi',2,15,'Est labore totam similique fugit facilis perspiciatis ut. Vel ad quo tenetur tempora omnis voluptatum. Occaecati est quasi at aut eveniet ea.','1996-06-05 05:02:37','2021-07-17 00:16:57',11,2,92,25,'2017-04-04 09:10:23','2021-07-17 00:58:19'),(62,47,'aliquam',2,14,'Maiores rerum tempore repudiandae eaque et accusantium qui. Libero fuga sequi architecto ipsum. Quas quod natus non et commodi. Consequatur nobis maiores asperiores dolor impedit corporis.','1970-05-30 15:16:22','1984-04-30 17:19:57',42,1,43,71,'2015-12-06 03:23:04','2021-07-17 00:58:19'),(63,26,'qui',1,3,'Repellendus aspernatur porro sequi quo autem sed. In magni labore tenetur praesentium placeat facere at. Neque dolor eveniet voluptatem saepe.','2015-10-01 10:32:08','2021-07-17 00:16:57',98,3,93,91,'2020-04-01 20:17:02','2021-07-17 00:58:19'),(64,77,'aut',1,5,'Iure dolorem dolorem id beatae commodi numquam qui. Officiis corrupti quisquam dolor voluptatem. Nobis dolor doloremque est reprehenderit.','2004-01-08 13:27:27','2021-07-17 00:16:57',79,2,1,20,'2019-09-29 17:49:17','2021-07-17 00:58:19'),(65,99,'veritatis',1,13,'Laboriosam illum non sit qui et fuga. Sed unde facere voluptate necessitatibus officiis. Ut quam perspiciatis sit debitis et et nobis.','1985-05-16 10:39:33','2011-07-06 06:21:46',10,3,9,39,'2014-05-05 05:14:13','2021-07-17 00:58:19'),(66,68,'aut',1,4,'Optio libero omnis voluptas quis nemo. Perspiciatis eos voluptas iste quae. Rerum culpa voluptas suscipit natus officiis. Ad vel possimus dolor vero suscipit.','1979-05-21 00:04:46','2006-01-03 06:22:05',5,4,79,59,'2013-07-25 06:03:55','2021-07-17 00:58:19'),(67,55,'quis',2,4,'Dolore natus aspernatur quis minima fugit tempora. Omnis non in rerum fugiat deleniti et velit.','1995-01-18 00:58:41','2021-07-17 00:16:57',6,3,41,88,'2014-11-17 02:56:12','2021-07-17 00:58:19'),(68,15,'voluptas',1,3,'Sed nulla molestiae ut animi exercitationem necessitatibus odit. Dignissimos molestiae dolore aut consequatur ducimus natus. Consequatur sed repudiandae velit eaque. Error vel aut facilis voluptatem voluptas qui et rerum.','2000-10-28 13:45:21','2021-07-17 00:16:57',31,1,71,15,'2012-03-26 10:20:44','2021-07-17 00:58:19'),(69,63,'sed',2,12,'Quasi ipsa beatae quam voluptates. Aspernatur autem nulla in recusandae nobis minus eos. Necessitatibus modi dignissimos tenetur ut tempora est.','1986-08-28 14:31:26','2018-08-03 15:23:10',64,3,86,62,'2014-10-19 14:47:59','2021-07-17 00:58:19'),(70,53,'laborum',2,8,'At nihil commodi enim et consequuntur porro. Enim itaque ipsa qui et. Esse aut ipsam sed corrupti.','1999-12-02 12:31:07','2021-07-17 00:16:57',50,2,20,98,'2015-12-07 07:03:49','2021-07-17 00:58:19'),(71,31,'deleniti',2,20,'Fuga vitae nemo quibusdam fugiat voluptatum. Ut doloribus doloremque ut voluptatem. Deserunt recusandae aut quia rerum cumque. Enim voluptatem ad dolorem quas quis.','2004-12-27 18:41:43','2014-11-06 13:44:25',1,1,99,35,'2018-05-05 18:03:10','2021-07-17 00:58:19'),(72,75,'ratione',2,6,'Dolor at fugiat eaque veniam enim alias. Eveniet ad autem ut. Voluptate quos delectus nostrum. Doloremque quia debitis placeat fuga illo possimus quo odio.','2014-03-21 21:10:23','2021-07-17 00:16:57',12,4,99,31,'2018-07-05 01:15:42','2021-07-17 00:58:19'),(73,58,'suscipit',2,1,'Quisquam quia qui exercitationem et incidunt. Dolores debitis iusto distinctio ducimus. Necessitatibus cum cupiditate aliquam vel esse corporis cupiditate. Placeat officia quaerat autem maxime et beatae.','2011-08-07 12:25:01','2019-10-05 10:07:19',21,1,47,29,'2015-04-15 04:54:06','2021-07-17 00:58:19'),(74,3,'nobis',1,8,'Voluptatem voluptatem similique iusto dignissimos. Ab qui expedita consequatur expedita nobis ut. Magni voluptatem nam quia voluptate. Voluptatem est cumque dolorum atque suscipit rerum.','1998-10-01 10:29:50','2021-07-17 00:16:57',87,2,90,57,'2016-08-18 06:02:29','2021-07-17 00:58:19'),(75,16,'qui',1,19,'Et optio temporibus tempora ab. Aut dolore amet quis fugit enim quis. Et aut eum beatae est officia rerum qui. Sed natus voluptatum eum eum et aut deleniti.','1996-12-22 10:27:55','2020-09-28 14:01:38',18,1,70,77,'2011-08-27 19:10:09','2021-07-17 00:58:19'),(76,71,'vero',1,4,'Illum sed consequatur doloremque aperiam iure. Ipsum repellat totam autem quae laborum neque.','1972-01-30 04:40:51','2021-07-17 00:16:57',10,4,53,76,'2014-06-14 14:11:29','2021-07-17 00:58:19'),(77,17,'ut',2,9,'Eum possimus accusamus quo dolorum voluptate et. Sed et aut harum et sint reprehenderit magnam vel. Impedit eos esse velit harum voluptatibus. Explicabo magni consequatur illo ducimus aut eveniet est.','1996-07-22 05:29:07','2021-07-17 00:16:57',37,3,70,79,'2017-01-30 22:00:57','2021-07-17 00:58:19'),(78,84,'explicabo',2,14,'Dolor exercitationem eum veritatis nihil quos veritatis. Omnis et iste a. Dignissimos pariatur deserunt omnis iste odit omnis accusamus quisquam. Accusantium harum sed id autem dolor.','1975-01-09 21:48:40','2004-01-21 09:54:11',63,2,46,50,'2018-10-25 08:43:17','2021-07-17 00:58:19'),(79,11,'iure',1,19,'Voluptatum cum voluptas provident quo quidem. Illo reiciendis dignissimos distinctio possimus reprehenderit culpa voluptatem aut. Optio incidunt quibusdam cum fugiat.','2000-05-19 16:00:44','2021-07-17 00:16:57',28,3,82,92,'2020-11-16 13:52:50','2021-07-17 00:58:19'),(80,11,'laudantium',2,15,'Possimus voluptatibus magnam omnis fugit eaque. Nemo eos illo sed quidem est corrupti. Tempora deserunt provident omnis totam quasi modi. Rem id velit ut reiciendis. Unde natus harum nihil.','2003-02-21 05:23:51','2021-07-17 00:16:57',1,4,94,72,'2017-04-23 05:48:40','2021-07-17 00:58:19'),(81,78,'velit',2,7,'Ab non reprehenderit sed velit et. Ut necessitatibus facere quo omnis quisquam dolor.','2016-05-10 17:16:17','2021-07-17 00:16:57',28,2,64,70,'2011-09-08 03:44:58','2021-07-17 00:58:19'),(82,58,'voluptas',2,4,'Autem cum at sint consequatur qui veniam. Sint minima in vel repellat. Ea occaecati doloremque atque quisquam laboriosam ipsa nemo. Distinctio qui ut quas maxime.','2006-11-13 15:38:28','2021-07-17 00:16:57',47,4,79,45,'2013-12-25 20:15:18','2021-07-17 00:58:19'),(83,84,'in',2,17,'Sed modi aliquid ipsum fugiat. Pariatur vel dolor ipsam sapiente ut hic. Accusamus minus animi modi magnam.','1975-09-17 13:18:55','1981-05-05 05:46:23',35,2,84,7,'2020-09-02 23:57:49','2021-07-17 00:58:19'),(84,83,'placeat',2,3,'Dolores rerum qui rerum voluptas qui porro. Laborum et rerum mollitia. Minus delectus necessitatibus et. Sed aut aut nam animi facilis occaecati et. Maiores omnis suscipit temporibus est.','2013-07-14 01:35:14','2021-07-17 00:16:57',80,3,78,1,'2014-07-31 06:35:32','2021-07-17 00:58:19'),(85,69,'qui',1,21,'Eaque esse ducimus quidem sit et odio ab. Ad voluptatem maiores velit suscipit enim quia. Animi voluptatibus reprehenderit eos.','1990-10-18 02:55:17','1992-11-07 21:24:27',58,1,37,78,'2019-07-01 21:43:35','2021-07-17 00:58:19'),(86,79,'facere',2,12,'Ut harum ipsa modi est. Possimus est dolorem voluptatem quis. Veniam id ut perspiciatis impedit magni.','1976-12-13 07:16:41','2003-01-25 14:14:41',6,3,88,54,'2020-11-08 11:11:39','2021-07-17 00:58:19'),(87,4,'quod',2,19,'Temporibus aliquid tempore eaque facilis labore eos dolorum. Rerum dolores quas reprehenderit tempore hic laboriosam accusamus. Minima culpa enim omnis aut aut. Aut debitis rem recusandae blanditiis quia delectus.','2018-11-05 12:19:48','2021-07-17 00:16:57',68,3,40,94,'2020-08-14 03:58:08','2021-07-17 00:58:19'),(88,48,'rerum',2,12,'Vel reprehenderit quo illum eum velit. Corporis dolorum debitis quas in ex. Assumenda animi quos earum sit eum. Dolor dolorum accusantium est asperiores dolorum.','2008-08-28 05:26:35','2021-07-17 00:16:57',92,4,4,29,'2013-07-25 03:01:32','2021-07-17 00:58:19'),(89,36,'eius',2,10,'Assumenda praesentium quia velit ducimus sit nisi sed. Voluptas et voluptatum omnis sed. Sunt aliquam qui molestias accusamus. Tenetur ratione fugiat laudantium quos.','1986-10-29 19:04:30','1995-03-20 12:44:54',46,4,53,70,'2019-10-06 06:51:00','2021-07-17 00:58:19'),(90,90,'sit',1,7,'Magnam eaque asperiores sed et sapiente qui quisquam expedita. Unde blanditiis quod est optio aspernatur ex voluptas. Aut et voluptatem aliquam alias at unde sequi.','1976-05-30 19:03:44','1992-07-30 04:21:21',27,2,54,28,'2013-01-29 08:32:42','2021-07-17 00:58:19'),(91,75,'provident',2,10,'Pariatur voluptate vero non dolorem molestias repudiandae officiis dolorem. Ex qui qui voluptatem culpa fuga. Consectetur sequi qui iusto quia voluptas doloribus qui aut.','1986-07-03 00:42:29','2021-07-17 00:16:57',36,2,39,46,'2015-07-05 05:01:09','2021-07-17 00:58:19'),(92,13,'magni',1,20,'Commodi sint est rerum dolorem omnis magni sint. Eum voluptatem cupiditate harum. Dolor non id quis consequatur et. Molestiae inventore nesciunt in ullam.','1972-05-09 11:13:28','2005-05-13 20:48:24',77,1,29,10,'2015-05-26 17:32:12','2021-07-17 00:58:19'),(93,59,'eos',2,13,'Vel optio id hic tenetur sed molestiae. Eaque et modi sequi est et. Error doloremque harum officia mollitia velit corporis. Recusandae eos quidem distinctio quisquam voluptatem et.','1998-05-22 19:18:24','2021-07-17 00:16:57',91,4,12,31,'2016-11-08 17:24:04','2021-07-17 00:58:19'),(94,15,'incidunt',2,15,'Consequatur sequi delectus expedita quo voluptates. Magni culpa et repudiandae ea eligendi eaque. Officia omnis recusandae cupiditate quo est itaque.','1976-08-28 01:45:37','2021-07-17 00:16:57',5,1,46,90,'2013-11-02 14:35:33','2021-07-17 00:58:19'),(95,13,'ut',2,6,'In dolorum consequatur omnis eum. Earum et laboriosam excepturi provident. Deserunt quia inventore odio minima.','1990-04-06 04:09:09','1995-12-07 12:21:40',45,3,20,48,'2017-05-02 11:31:38','2021-07-17 00:58:19'),(96,77,'est',1,15,'Facilis consequatur asperiores labore quo debitis est rerum dolores. Adipisci praesentium voluptatibus soluta ipsa tempore unde ut praesentium. Repudiandae eum voluptatem sit odio vero necessitatibus doloribus pariatur. A velit voluptas eius adipisci vita','1978-10-23 23:50:38','1987-02-19 11:26:24',34,3,86,53,'2018-01-29 15:31:35','2021-07-17 00:58:19'),(97,10,'illum',2,5,'Voluptatibus id molestiae nemo et est harum. Perspiciatis ut nihil quo vel rerum illo minima. Illum et ad in. Nemo non incidunt quibusdam qui.','1976-12-23 19:09:41','2001-02-21 16:21:04',36,1,56,40,'2017-05-03 05:15:56','2021-07-17 00:58:19'),(98,33,'quia',1,7,'Nulla veniam debitis illo. Quia qui qui alias perferendis maiores eaque. Officiis perspiciatis dolor non nobis porro quia rerum. Minima aperiam pariatur et ipsum laborum.','2019-01-01 07:26:10','2021-07-17 00:16:57',10,3,69,63,'2021-05-15 23:32:31','2021-07-17 00:58:19'),(99,8,'ullam',2,7,'Omnis non exercitationem labore quia qui. Molestiae ex nobis eum consectetur sunt fugiat. Corrupti distinctio est dolore hic.','1978-02-14 11:49:11','2016-02-17 08:04:02',100,1,31,34,'2020-04-03 15:32:44','2021-07-17 00:58:19'),(100,79,'sit',2,6,'Veniam nostrum porro rerum rem nostrum similique. Est facilis consequatur assumenda quam nihil veniam. Tempora ut laborum autem non impedit vel alias.','1970-10-15 08:39:40','1988-11-09 12:22:22',44,2,4,78,'2019-10-27 23:50:14','2021-07-17 00:58:19');
/*!40000 ALTER TABLE `event` ENABLE KEYS */;
UNLOCK TABLES;

--
-- Table structure for table `event_statuses`
--

DROP TABLE IF EXISTS `event_statuses`;
/*!40101 SET @saved_cs_client     = @@character_set_client */;
/*!50503 SET character_set_client = utf8mb4 */;
CREATE TABLE `event_statuses` (
  `id` int unsigned NOT NULL AUTO_INCREMENT,
  `name` varchar(150) CHARACTER SET utf8mb4 COLLATE utf8mb4_unicode_ci NOT NULL,
  `created_at` datetime DEFAULT CURRENT_TIMESTAMP,
  `updated_at` datetime DEFAULT CURRENT_TIMESTAMP ON UPDATE CURRENT_TIMESTAMP,
  PRIMARY KEY (`id`),
  UNIQUE KEY `name` (`name`)
) ENGINE=InnoDB AUTO_INCREMENT=5 DEFAULT CHARSET=utf8mb4 COLLATE=utf8mb4_unicode_ci;
/*!40101 SET character_set_client = @saved_cs_client */;

--
-- Dumping data for table `event_statuses`
--

LOCK TABLES `event_statuses` WRITE;
/*!40000 ALTER TABLE `event_statuses` DISABLE KEYS */;
INSERT INTO `event_statuses` VALUES (1,'I will go','2021-07-17 00:56:42','2021-07-17 00:56:42'),(2,'possibly','2021-07-17 00:56:42','2021-07-17 00:56:42'),(3,'reject','2021-07-17 00:56:42','2021-07-17 00:56:42'),(4,'interested','2021-07-17 00:56:42','2021-07-17 00:56:42');
/*!40000 ALTER TABLE `event_statuses` ENABLE KEYS */;
UNLOCK TABLES;

--
-- Table structure for table `event_sub_type`
--

DROP TABLE IF EXISTS `event_sub_type`;
/*!40101 SET @saved_cs_client     = @@character_set_client */;
/*!50503 SET character_set_client = utf8mb4 */;
CREATE TABLE `event_sub_type` (
  `id` int unsigned NOT NULL AUTO_INCREMENT,
  `name` varchar(255) CHARACTER SET utf8mb4 COLLATE utf8mb4_unicode_ci NOT NULL,
  `created_at` datetime DEFAULT CURRENT_TIMESTAMP,
  `updated_at` datetime DEFAULT CURRENT_TIMESTAMP ON UPDATE CURRENT_TIMESTAMP,
  PRIMARY KEY (`id`),
  UNIQUE KEY `name` (`name`)
) ENGINE=InnoDB AUTO_INCREMENT=3 DEFAULT CHARSET=utf8mb4 COLLATE=utf8mb4_unicode_ci;
/*!40101 SET character_set_client = @saved_cs_client */;

--
-- Dumping data for table `event_sub_type`
--

LOCK TABLES `event_sub_type` WRITE;
/*!40000 ALTER TABLE `event_sub_type` DISABLE KEYS */;
INSERT INTO `event_sub_type` VALUES (1,'online','2021-07-17 00:50:33','2021-07-17 00:50:33'),(2,'personally','2021-07-17 00:50:33','2021-07-17 00:50:33');
/*!40000 ALTER TABLE `event_sub_type` ENABLE KEYS */;
UNLOCK TABLES;

--
-- Table structure for table `event_users`
--

DROP TABLE IF EXISTS `event_users`;
/*!40101 SET @saved_cs_client     = @@character_set_client */;
/*!50503 SET character_set_client = utf8mb4 */;
CREATE TABLE `event_users` (
  `event_id` int unsigned NOT NULL,
  `user_id` int unsigned NOT NULL,
  `created_at` datetime DEFAULT CURRENT_TIMESTAMP,
  PRIMARY KEY (`event_id`,`user_id`),
  KEY `event_users_user_id_fk` (`user_id`),
  CONSTRAINT `event_users_event_id_fk` FOREIGN KEY (`event_id`) REFERENCES `event` (`id`) ON DELETE CASCADE,
  CONSTRAINT `event_users_user_id_fk` FOREIGN KEY (`user_id`) REFERENCES `users` (`id`) ON DELETE CASCADE
) ENGINE=InnoDB DEFAULT CHARSET=utf8mb4 COLLATE=utf8mb4_unicode_ci;
/*!40101 SET character_set_client = @saved_cs_client */;

--
-- Dumping data for table `event_users`
--

LOCK TABLES `event_users` WRITE;
/*!40000 ALTER TABLE `event_users` DISABLE KEYS */;
INSERT INTO `event_users` VALUES (1,1,'2021-03-07 15:31:27'),(2,2,'2016-05-15 07:13:14'),(3,3,'2017-02-25 23:59:53'),(4,4,'2014-06-15 08:18:35'),(5,5,'2017-01-21 22:01:40'),(6,6,'2015-02-20 08:21:53'),(7,7,'2012-05-28 23:52:59'),(8,8,'2016-08-14 02:42:03'),(9,9,'2020-12-03 13:33:49'),(10,10,'2017-05-04 07:18:48'),(11,11,'2015-05-20 20:56:55'),(12,12,'2015-02-10 09:29:43'),(13,13,'2019-09-12 21:47:33'),(14,14,'2017-07-08 20:30:26'),(15,15,'2017-01-01 03:29:02'),(16,16,'2012-08-25 18:20:39'),(17,17,'2019-01-03 00:02:09'),(18,18,'2020-08-25 03:19:57'),(19,19,'2017-10-07 09:56:35'),(20,20,'2020-06-14 04:18:17'),(21,21,'2018-09-27 08:15:18'),(22,22,'2013-06-02 17:05:10'),(23,23,'2019-10-21 14:29:32'),(24,24,'2014-06-25 19:55:34'),(25,25,'2011-12-23 15:04:05'),(26,26,'2016-09-15 00:58:06'),(27,27,'2019-09-06 07:44:36'),(28,28,'2011-09-08 19:57:17'),(29,29,'2017-01-17 23:04:45'),(30,30,'2018-10-13 08:47:57'),(31,31,'2018-11-12 03:00:18'),(32,32,'2019-08-28 04:35:30'),(33,33,'2015-01-21 01:14:31'),(34,34,'2013-11-20 14:45:36'),(35,35,'2017-11-29 10:53:08'),(36,36,'2017-10-28 05:28:43'),(37,37,'2017-03-23 03:58:15'),(38,38,'2017-11-06 09:01:02'),(39,39,'2014-01-21 01:43:26'),(40,40,'2017-10-28 17:03:47'),(41,41,'2019-06-21 04:30:41'),(42,42,'2021-05-18 08:47:05'),(43,43,'2014-09-29 14:39:20'),(44,44,'2015-04-22 06:54:01'),(45,45,'2021-03-14 20:13:18'),(46,46,'2017-10-30 10:55:38'),(47,47,'2018-10-26 00:39:23'),(48,48,'2013-10-09 09:23:24'),(49,49,'2011-09-24 23:56:30'),(50,50,'2018-03-20 17:55:49'),(51,51,'2012-02-24 07:47:48'),(52,52,'2014-11-07 12:04:59'),(53,53,'2019-03-05 02:56:20'),(54,54,'2014-10-27 03:59:22'),(55,55,'2018-08-24 04:37:06'),(56,56,'2018-07-19 01:53:44'),(57,57,'2014-06-06 12:25:06'),(58,58,'2015-09-02 17:16:04'),(59,59,'2019-10-22 07:57:13'),(60,60,'2015-11-19 05:53:50'),(61,61,'2013-09-26 22:08:53'),(62,62,'2014-09-22 10:22:55'),(63,63,'2019-07-13 00:33:04'),(64,64,'2020-06-05 00:38:21'),(65,65,'2016-10-18 09:04:41'),(66,66,'2019-06-30 08:51:36'),(67,67,'2016-06-03 21:52:21'),(68,68,'2012-03-27 16:59:45'),(69,69,'2013-07-02 17:17:38'),(70,70,'2018-07-27 14:28:46'),(71,71,'2019-10-12 09:11:53'),(72,72,'2012-07-28 15:38:21'),(73,73,'2017-05-27 09:12:13'),(74,74,'2015-07-03 12:26:09'),(75,75,'2018-01-01 14:38:58'),(76,76,'2014-08-06 10:46:25'),(77,77,'2013-06-29 00:43:06'),(78,78,'2018-05-27 12:55:08'),(79,79,'2018-11-18 18:08:16'),(80,80,'2016-01-04 03:10:49'),(81,81,'2020-12-12 06:17:05'),(82,82,'2015-06-02 22:53:06'),(83,83,'2013-04-20 19:30:04'),(84,84,'2016-11-13 16:30:31'),(85,85,'2017-06-10 09:58:38'),(86,86,'2012-04-17 01:54:24'),(87,87,'2013-12-19 17:19:12'),(88,88,'2020-08-26 18:41:08'),(89,89,'2016-05-22 11:22:50'),(90,90,'2011-10-04 23:50:16'),(91,91,'2015-05-25 10:51:13'),(92,92,'2016-03-09 00:11:39'),(93,93,'2014-09-27 18:11:35'),(94,94,'2021-01-30 11:07:18'),(95,95,'2016-12-15 20:51:30'),(96,96,'2020-04-02 07:57:34'),(97,97,'2015-05-10 17:09:07'),(98,98,'2018-02-27 23:43:38'),(99,99,'2012-10-02 00:54:40'),(100,100,'2020-08-17 23:20:48');
/*!40000 ALTER TABLE `event_users` ENABLE KEYS */;
UNLOCK TABLES;

--
-- Table structure for table `eventype`
--

DROP TABLE IF EXISTS `eventype`;
/*!40101 SET @saved_cs_client     = @@character_set_client */;
/*!50503 SET character_set_client = utf8mb4 */;
CREATE TABLE `eventype` (
  `id` int unsigned NOT NULL AUTO_INCREMENT,
  `name` varchar(255) CHARACTER SET utf8mb4 COLLATE utf8mb4_unicode_ci NOT NULL,
  `created_at` datetime DEFAULT CURRENT_TIMESTAMP,
  `updated_at` datetime DEFAULT CURRENT_TIMESTAMP ON UPDATE CURRENT_TIMESTAMP,
  PRIMARY KEY (`id`),
  UNIQUE KEY `name` (`name`)
) ENGINE=InnoDB AUTO_INCREMENT=22 DEFAULT CHARSET=utf8mb4 COLLATE=utf8mb4_unicode_ci;
/*!40101 SET character_set_client = @saved_cs_client */;

--
-- Dumping data for table `eventype`
--

LOCK TABLES `eventype` WRITE;
/*!40000 ALTER TABLE `eventype` DISABLE KEYS */;
INSERT INTO `eventype` VALUES (1,'games','2021-07-17 00:46:38','2021-07-17 00:46:38'),(2,'initiatives','2021-07-17 00:46:38','2021-07-17 00:46:38'),(3,'art','2021-07-17 00:46:38','2021-07-17 00:46:38'),(4,'literature','2021-07-17 00:46:38','2021-07-17 00:46:38'),(5,'music','2021-07-17 00:46:38','2021-07-17 00:46:38'),(6,'networking','2021-07-17 00:46:38','2021-07-17 00:46:38'),(7,'humor','2021-07-17 00:46:38','2021-07-17 00:46:38'),(8,'fitness','2021-07-17 00:46:38','2021-07-17 00:46:38'),(9,'film','2021-07-17 00:46:38','2021-07-17 00:46:38'),(10,'theatre','2021-07-17 00:46:38','2021-07-17 00:46:38'),(11,'dancing','2021-07-17 00:46:38','2021-07-17 00:46:38'),(12,'sport','2021-07-17 00:46:38','2021-07-17 00:46:38'),(13,'gardening','2021-07-17 00:46:38','2021-07-17 00:46:38'),(14,'craft','2021-07-17 00:46:38','2021-07-17 00:46:38'),(15,'religion','2021-07-17 00:46:38','2021-07-17 00:46:38'),(16,'purchases','2021-07-17 00:46:38','2021-07-17 00:46:38'),(17,'beverages','2021-07-17 00:46:38','2021-07-17 00:46:38'),(18,'party','2021-07-17 00:46:38','2021-07-17 00:46:38'),(19,'house','2021-07-17 00:46:38','2021-07-17 00:46:38'),(20,'food','2021-07-17 00:46:38','2021-07-17 00:46:38'),(21,'health','2021-07-17 00:46:38','2021-07-17 00:46:38');
/*!40000 ALTER TABLE `eventype` ENABLE KEYS */;
UNLOCK TABLES;

--
-- Table structure for table `friendship`
--

DROP TABLE IF EXISTS `friendship`;
/*!40101 SET @saved_cs_client     = @@character_set_client */;
/*!50503 SET character_set_client = utf8mb4 */;
CREATE TABLE `friendship` (
  `user_id` int unsigned NOT NULL,
  `friend_id` int unsigned NOT NULL,
  `status_id` int unsigned NOT NULL,
  `requested_at` datetime DEFAULT CURRENT_TIMESTAMP,
  `confirmed_at` datetime DEFAULT NULL,
  `created_at` datetime DEFAULT CURRENT_TIMESTAMP,
  `updated_at` datetime DEFAULT CURRENT_TIMESTAMP ON UPDATE CURRENT_TIMESTAMP,
  PRIMARY KEY (`user_id`,`friend_id`),
  KEY `friendship_friend_id_fk` (`friend_id`),
  KEY `friendship_friendship_statuses_id_fk` (`status_id`),
  CONSTRAINT `friendship_friend_id_fk` FOREIGN KEY (`friend_id`) REFERENCES `users` (`id`) ON DELETE CASCADE,
  CONSTRAINT `friendship_friendship_statuses_id_fk` FOREIGN KEY (`status_id`) REFERENCES `friendship_statuses` (`id`) ON DELETE CASCADE,
  CONSTRAINT `friendship_user_id_fk` FOREIGN KEY (`user_id`) REFERENCES `users` (`id`) ON DELETE CASCADE
) ENGINE=InnoDB DEFAULT CHARSET=utf8mb4 COLLATE=utf8mb4_unicode_ci;
/*!40101 SET character_set_client = @saved_cs_client */;

--
-- Dumping data for table `friendship`
--

LOCK TABLES `friendship` WRITE;
/*!40000 ALTER TABLE `friendship` DISABLE KEYS */;
INSERT INTO `friendship` VALUES (1,13,3,'1987-07-31 14:44:27','2021-07-16 22:06:14','2018-03-22 02:09:52','2021-07-16 22:06:14'),(2,35,4,'1985-06-05 18:09:42','2021-07-16 22:06:14','2011-08-22 02:28:22','2021-07-16 22:06:14'),(2,74,3,'1988-10-18 18:37:11','1990-07-18 13:36:49','2018-03-24 08:55:29','2021-07-16 22:05:40'),(3,14,3,'1974-01-04 10:46:04','1978-11-08 16:25:35','2014-10-21 07:43:39','2021-07-16 22:05:40'),(4,56,3,'2013-01-30 01:01:01','2021-07-16 22:06:14','2015-07-07 14:50:25','2021-07-16 22:06:14'),(6,56,2,'1987-07-11 20:05:29','1997-12-22 23:59:44','2021-04-13 16:20:01','2021-07-16 22:05:40'),(7,66,2,'1995-06-13 21:24:02','2005-07-19 10:17:05','2016-06-20 15:24:33','2021-07-16 22:05:40'),(8,91,1,'1980-02-10 14:41:18','2021-07-16 22:06:14','2020-08-26 09:24:55','2021-07-16 22:06:14'),(9,3,4,'1980-05-21 05:27:44','2005-07-20 20:49:15','2014-08-15 14:42:14','2021-07-16 22:05:40'),(10,100,3,'2001-07-19 07:11:40','2021-07-16 22:06:14','2016-08-27 22:01:25','2021-07-16 22:06:14'),(12,31,4,'1978-11-05 09:49:05','1996-06-13 11:47:48','2016-09-08 22:59:18','2021-07-16 22:05:40'),(13,39,1,'1990-08-24 20:28:50','1996-12-16 20:14:43','2019-10-11 18:54:24','2021-07-16 22:05:40'),(13,61,2,'1993-02-28 08:09:41','2021-07-16 22:06:14','2016-06-20 03:46:30','2021-07-16 22:06:14'),(14,74,2,'2008-06-25 01:51:52','2021-07-16 22:06:14','2013-01-19 23:28:54','2021-07-16 22:06:14'),(15,47,4,'2011-04-25 23:31:28','2021-07-16 22:06:14','2018-08-15 16:47:11','2021-07-16 22:06:14'),(17,80,4,'1991-05-01 12:51:21','2017-10-14 08:44:50','2021-03-09 16:45:41','2021-07-16 22:05:40'),(18,29,3,'1971-10-18 04:07:31','1980-03-02 14:06:23','2013-06-07 08:38:38','2021-07-16 22:05:40'),(19,17,3,'2014-09-15 18:09:39','2021-07-16 22:06:14','2017-03-29 10:59:15','2021-07-16 22:06:14'),(19,85,3,'2011-07-04 23:29:08','2021-07-16 22:06:14','2018-06-05 22:45:23','2021-07-16 22:06:14'),(20,20,1,'1971-11-18 09:11:26','1999-11-22 12:05:37','2021-01-18 16:40:13','2021-07-16 22:05:40'),(21,14,3,'1973-11-01 23:08:30','1988-08-13 13:31:29','2013-01-08 22:22:13','2021-07-16 22:05:40'),(21,97,4,'1974-11-13 07:43:47','2017-04-01 03:39:50','2011-11-13 11:04:05','2021-07-16 22:05:40'),(22,30,1,'1981-03-04 22:38:04','1991-08-14 16:00:59','2015-06-04 23:13:56','2021-07-16 22:05:40'),(22,31,1,'1982-10-12 11:30:04','1985-05-12 10:48:56','2012-08-06 23:26:48','2021-07-16 22:05:40'),(23,99,4,'2017-05-22 09:56:36','2021-07-16 22:06:14','2016-03-19 19:27:57','2021-07-16 22:06:14'),(24,10,1,'1988-01-18 12:06:28','1999-03-21 06:24:03','2018-05-21 06:58:58','2021-07-16 22:05:40'),(25,22,4,'2021-06-09 07:46:14','2021-07-16 22:06:14','2013-05-21 13:57:03','2021-07-16 22:06:14'),(25,51,1,'1973-12-13 15:03:44','1987-06-07 14:04:22','2013-06-10 15:32:51','2021-07-16 22:05:40'),(26,33,2,'1973-11-05 07:36:15','2018-06-03 03:32:30','2012-02-11 01:58:22','2021-07-16 22:05:40'),(26,37,4,'1986-09-21 03:40:02','2011-10-06 19:23:51','2011-08-17 03:13:39','2021-07-16 22:05:40'),(26,39,1,'1987-12-28 01:29:32','2001-11-23 03:52:00','2020-01-10 15:02:34','2021-07-16 22:05:40'),(27,14,3,'2018-12-26 22:21:57','2021-07-16 22:06:14','2019-06-24 16:45:05','2021-07-16 22:06:14'),(28,20,4,'2007-05-19 11:08:14','2021-07-16 22:06:14','2016-01-26 03:40:52','2021-07-16 22:06:14'),(28,66,1,'2015-07-31 23:32:27','2021-07-16 22:06:14','2016-03-26 07:11:53','2021-07-16 22:06:14'),(28,88,2,'2005-01-12 13:33:18','2018-02-17 07:17:17','2014-11-26 14:14:36','2021-07-16 22:05:40'),(29,7,2,'1998-10-21 07:34:40','2021-07-16 22:06:14','2016-01-20 08:59:39','2021-07-16 22:06:14'),(30,60,3,'1991-01-13 16:04:28','1995-08-29 14:23:47','2021-04-23 22:51:28','2021-07-16 22:05:40'),(32,49,1,'2020-10-05 04:56:08','2021-07-16 22:06:14','2020-07-15 13:22:18','2021-07-16 22:06:14'),(34,39,4,'1985-03-11 18:59:09','2021-07-16 22:06:14','2011-10-08 20:37:35','2021-07-16 22:06:14'),(35,42,3,'2020-01-01 12:48:10','2021-07-16 22:06:14','2020-04-28 23:33:05','2021-07-16 22:06:14'),(35,45,2,'2013-08-05 06:42:24','2021-07-16 22:06:14','2013-01-15 13:15:24','2021-07-16 22:06:14'),(38,39,4,'1986-07-13 07:29:20','2021-07-16 22:06:14','2013-10-20 17:47:02','2021-07-16 22:06:14'),(39,98,3,'1986-03-07 19:03:44','1997-03-12 04:58:57','2017-01-31 15:32:32','2021-07-16 22:05:40'),(40,17,1,'1975-11-20 14:43:08','2020-07-14 05:49:58','2015-11-17 18:03:39','2021-07-16 22:05:40'),(42,71,2,'1974-05-09 04:21:45','1999-09-20 08:40:07','2020-10-12 08:50:43','2021-07-16 22:05:40'),(43,61,4,'1991-11-12 20:39:34','2006-02-25 11:12:41','2019-08-20 21:19:08','2021-07-16 22:05:40'),(45,34,1,'1988-09-03 07:02:50','1991-03-11 01:41:30','2014-08-05 07:24:19','2021-07-16 22:05:40'),(47,100,2,'2000-06-27 08:30:33','2014-01-25 09:22:49','2013-08-25 10:18:39','2021-07-16 22:05:40'),(48,5,3,'1986-07-27 23:05:11','1992-08-07 01:34:09','2018-05-12 03:35:31','2021-07-16 22:05:40'),(48,17,2,'1993-07-01 21:55:38','2021-07-16 22:06:14','2017-08-17 16:59:51','2021-07-16 22:06:14'),(48,41,4,'1982-12-11 23:06:15','1989-08-01 03:43:01','2017-09-05 17:20:04','2021-07-16 22:05:40'),(50,34,3,'1994-06-13 18:27:08','2018-06-08 11:25:16','2020-06-05 11:40:40','2021-07-16 22:05:40'),(51,29,3,'1971-01-13 08:22:18','2010-07-28 13:54:16','2017-03-28 07:49:35','2021-07-16 22:05:40'),(52,52,4,'1970-10-24 05:19:08','1987-07-27 15:26:42','2020-09-25 10:57:08','2021-07-16 22:05:40'),(53,7,3,'2003-09-26 11:49:51','2021-07-16 22:06:14','2019-06-09 08:39:06','2021-07-16 22:06:14'),(53,42,1,'2001-11-26 17:11:11','2005-12-14 02:26:33','2016-03-03 22:13:16','2021-07-16 22:05:40'),(53,96,1,'1986-06-27 15:25:53','2002-11-19 03:26:01','2012-07-28 10:36:57','2021-07-16 22:05:40'),(55,26,4,'2003-12-09 20:04:42','2020-04-09 17:08:17','2019-10-07 22:40:51','2021-07-16 22:05:40'),(55,69,3,'1988-07-18 12:37:42','2021-07-16 22:06:14','2012-10-12 21:37:12','2021-07-16 22:06:14'),(56,2,4,'2011-06-05 23:30:22','2021-07-16 22:06:14','2019-11-27 01:04:08','2021-07-16 22:06:14'),(56,13,4,'1989-11-25 08:00:46','2008-06-07 03:18:19','2015-05-04 18:43:47','2021-07-16 22:05:40'),(56,28,2,'2000-04-17 02:14:54','2021-07-16 22:06:14','2015-07-25 20:52:12','2021-07-16 22:06:14'),(56,73,2,'1996-05-04 22:58:23','2001-12-30 10:07:47','2021-07-14 08:36:05','2021-07-16 22:05:40'),(59,30,2,'1989-03-01 04:43:07','1989-10-03 21:34:16','2012-06-09 07:01:39','2021-07-16 22:05:40'),(59,46,1,'2012-01-29 07:41:40','2021-07-16 22:06:14','2015-12-22 14:20:57','2021-07-16 22:06:14'),(60,98,3,'2002-02-18 06:35:24','2021-07-16 22:06:14','2017-02-27 05:40:29','2021-07-16 22:06:14'),(64,31,4,'1979-06-30 18:36:04','2021-07-16 22:06:14','2018-12-14 17:08:09','2021-07-16 22:06:14'),(65,28,1,'2015-07-01 01:29:16','2016-01-07 13:44:47','2016-04-21 09:33:40','2021-07-16 22:05:40'),(65,43,3,'1994-02-10 03:14:47','2019-06-05 02:25:47','2015-11-03 08:12:20','2021-07-16 22:05:40'),(68,46,1,'2015-06-09 08:13:57','2021-07-16 22:06:14','2017-09-18 11:22:26','2021-07-16 22:06:14'),(70,46,2,'1992-04-16 13:39:49','2021-07-16 22:06:14','2018-12-04 06:39:00','2021-07-16 22:06:14'),(71,55,1,'2016-12-07 18:13:24','2021-07-16 22:06:14','2013-11-23 20:08:19','2021-07-16 22:06:14'),(73,14,3,'2013-05-17 14:36:10','2021-07-16 22:06:14','2016-07-03 20:08:02','2021-07-16 22:06:14'),(76,22,1,'2011-11-20 12:41:21','2021-07-16 22:06:14','2017-02-17 09:15:27','2021-07-16 22:06:14'),(76,83,1,'1976-01-11 17:14:25','1980-03-11 02:31:22','2012-06-04 05:39:10','2021-07-16 22:05:40'),(76,94,1,'1976-07-05 21:40:54','1992-02-18 05:46:35','2012-11-12 22:33:07','2021-07-16 22:05:40'),(78,25,4,'2000-06-20 00:51:31','2021-07-16 22:06:14','2015-04-07 10:54:59','2021-07-16 22:06:14'),(78,87,4,'1974-06-28 06:12:42','1987-06-29 20:17:28','2013-01-30 03:19:27','2021-07-16 22:05:40'),(80,11,3,'1996-02-14 21:07:30','2020-01-22 07:34:56','2019-02-03 06:38:21','2021-07-16 22:05:40'),(80,91,1,'1988-08-03 15:45:19','1992-07-24 08:47:36','2015-08-22 22:19:31','2021-07-16 22:05:40'),(82,64,4,'2006-11-21 17:20:59','2011-06-07 15:06:01','2016-11-06 13:13:10','2021-07-16 22:05:40'),(83,100,1,'2017-03-12 17:30:40','2021-07-16 22:06:14','2016-06-18 18:13:16','2021-07-16 22:06:14'),(84,7,3,'2000-03-29 03:56:43','2021-07-16 22:06:14','2015-02-27 18:30:21','2021-07-16 22:06:14'),(84,70,3,'1978-11-06 08:05:12','1998-12-11 06:35:30','2015-08-07 13:01:31','2021-07-16 22:05:40'),(85,45,2,'2003-04-17 05:45:25','2021-07-16 22:06:14','2014-11-16 21:20:12','2021-07-16 22:06:14'),(85,61,1,'2000-06-02 17:01:20','2021-07-16 22:06:14','2014-05-16 08:44:30','2021-07-16 22:06:14'),(86,64,2,'1993-05-26 21:32:17','2021-07-16 22:06:14','2015-12-16 07:34:52','2021-07-16 22:06:14'),(86,73,3,'1984-04-20 20:16:23','2021-07-16 22:06:14','2020-07-31 03:53:04','2021-07-16 22:06:14'),(87,74,1,'1981-02-05 09:19:42','2013-03-08 23:21:33','2020-10-01 18:29:39','2021-07-16 22:05:40'),(87,94,2,'2011-04-21 14:46:58','2021-07-16 22:06:14','2014-04-21 21:09:40','2021-07-16 22:06:14'),(90,22,4,'1989-02-12 00:18:39','1989-07-23 08:15:31','2016-09-21 20:13:29','2021-07-16 22:05:40'),(91,10,4,'2002-01-02 19:32:42','2021-07-16 22:06:14','2015-01-14 11:29:22','2021-07-16 22:06:14'),(91,37,2,'1986-12-17 13:30:27','2019-10-27 06:18:12','2011-10-15 06:40:23','2021-07-16 22:05:40'),(91,69,1,'1971-07-07 19:12:51','2021-07-16 22:06:14','2011-09-25 19:34:57','2021-07-16 22:06:14'),(94,47,2,'2018-07-14 01:14:14','2021-07-16 22:06:14','2016-01-02 20:03:05','2021-07-16 22:06:14'),(96,11,4,'1975-09-26 13:38:00','2016-03-27 23:36:35','2015-05-19 12:41:37','2021-07-16 22:05:40'),(96,40,2,'2002-12-04 03:08:41','2021-07-16 22:06:14','2017-07-24 14:06:34','2021-07-16 22:06:14'),(96,50,4,'1977-05-08 00:13:54','2021-07-16 22:06:14','2012-10-19 09:54:08','2021-07-16 22:06:14'),(97,27,3,'1975-02-03 11:54:26','1982-10-07 21:29:44','2015-05-28 13:11:25','2021-07-16 22:05:40'),(97,52,3,'1986-09-01 15:06:40','2004-02-01 22:37:04','2017-01-14 22:49:15','2021-07-16 22:05:40');
/*!40000 ALTER TABLE `friendship` ENABLE KEYS */;
UNLOCK TABLES;

--
-- Table structure for table `friendship_statuses`
--

DROP TABLE IF EXISTS `friendship_statuses`;
/*!40101 SET @saved_cs_client     = @@character_set_client */;
/*!50503 SET character_set_client = utf8mb4 */;
CREATE TABLE `friendship_statuses` (
  `id` int unsigned NOT NULL AUTO_INCREMENT,
  `name` varchar(150) CHARACTER SET utf8mb4 COLLATE utf8mb4_unicode_ci NOT NULL,
  `created_at` datetime DEFAULT CURRENT_TIMESTAMP,
  `updated_at` datetime DEFAULT CURRENT_TIMESTAMP ON UPDATE CURRENT_TIMESTAMP,
  PRIMARY KEY (`id`),
  UNIQUE KEY `name` (`name`)
) ENGINE=InnoDB AUTO_INCREMENT=5 DEFAULT CHARSET=utf8mb4 COLLATE=utf8mb4_unicode_ci;
/*!40101 SET character_set_client = @saved_cs_client */;

--
-- Dumping data for table `friendship_statuses`
--

LOCK TABLES `friendship_statuses` WRITE;
/*!40000 ALTER TABLE `friendship_statuses` DISABLE KEYS */;
INSERT INTO `friendship_statuses` VALUES (1,'sent','2021-07-16 22:03:51','2021-07-16 22:03:51'),(2,'accepted','2021-07-16 22:03:51','2021-07-16 22:03:51'),(3,'rejected','2021-07-16 22:03:51','2021-07-16 22:03:51'),(4,'cancelled','2021-07-16 22:03:51','2021-07-16 22:03:51');
/*!40000 ALTER TABLE `friendship_statuses` ENABLE KEYS */;
UNLOCK TABLES;

--
-- Table structure for table `likes`
--

DROP TABLE IF EXISTS `likes`;
/*!40101 SET @saved_cs_client     = @@character_set_client */;
/*!50503 SET character_set_client = utf8mb4 */;
CREATE TABLE `likes` (
  `id` int unsigned NOT NULL AUTO_INCREMENT,
  `user_id` int unsigned NOT NULL,
  `targer_id` int unsigned NOT NULL,
  `target_types_id` int unsigned NOT NULL,
  `created_at` datetime DEFAULT CURRENT_TIMESTAMP,
  PRIMARY KEY (`id`),
  KEY `likes_user_id_fk` (`user_id`),
  KEY `likes_target_types_id_fk` (`target_types_id`),
  CONSTRAINT `likes_target_types_id_fk` FOREIGN KEY (`target_types_id`) REFERENCES `target_types` (`id`) ON DELETE CASCADE,
  CONSTRAINT `likes_user_id_fk` FOREIGN KEY (`user_id`) REFERENCES `users` (`id`) ON DELETE CASCADE
) ENGINE=InnoDB AUTO_INCREMENT=101 DEFAULT CHARSET=utf8mb4 COLLATE=utf8mb4_0900_ai_ci;
/*!40101 SET character_set_client = @saved_cs_client */;

--
-- Dumping data for table `likes`
--

LOCK TABLES `likes` WRITE;
/*!40000 ALTER TABLE `likes` DISABLE KEYS */;
INSERT INTO `likes` VALUES (1,75,38,3,'2021-07-17 00:01:34'),(2,99,8,2,'2021-07-17 00:01:34'),(3,90,22,2,'2021-07-17 00:01:34'),(4,24,5,3,'2021-07-17 00:01:34'),(5,47,75,2,'2021-07-17 00:01:34'),(6,54,62,2,'2021-07-17 00:01:34'),(7,47,96,2,'2021-07-17 00:01:34'),(8,99,83,1,'2021-07-17 00:01:34'),(9,33,17,4,'2021-07-17 00:01:34'),(10,72,6,1,'2021-07-17 00:01:34'),(11,52,15,1,'2021-07-17 00:01:34'),(12,61,40,1,'2021-07-17 00:01:34'),(13,60,50,3,'2021-07-17 00:01:34'),(14,5,13,2,'2021-07-17 00:01:34'),(15,99,51,3,'2021-07-17 00:01:34'),(16,28,72,3,'2021-07-17 00:01:34'),(17,57,59,1,'2021-07-17 00:01:34'),(18,44,46,4,'2021-07-17 00:01:34'),(19,61,3,2,'2021-07-17 00:01:34'),(20,48,46,4,'2021-07-17 00:01:34'),(21,88,83,3,'2021-07-17 00:01:34'),(22,5,70,2,'2021-07-17 00:01:34'),(23,71,47,1,'2021-07-17 00:01:34'),(24,52,6,3,'2021-07-17 00:01:34'),(25,36,69,2,'2021-07-17 00:01:34'),(26,66,27,2,'2021-07-17 00:01:34'),(27,88,39,2,'2021-07-17 00:01:34'),(28,38,96,3,'2021-07-17 00:01:34'),(29,31,63,1,'2021-07-17 00:01:34'),(30,25,54,4,'2021-07-17 00:01:34'),(31,18,1,2,'2021-07-17 00:01:34'),(32,42,64,4,'2021-07-17 00:01:34'),(33,72,79,4,'2021-07-17 00:01:34'),(34,61,66,2,'2021-07-17 00:01:34'),(35,28,4,2,'2021-07-17 00:01:34'),(36,66,22,1,'2021-07-17 00:01:34'),(37,98,48,2,'2021-07-17 00:01:34'),(38,97,41,1,'2021-07-17 00:01:34'),(39,33,33,3,'2021-07-17 00:01:34'),(40,13,78,3,'2021-07-17 00:01:34'),(41,20,47,3,'2021-07-17 00:01:34'),(42,32,37,4,'2021-07-17 00:01:34'),(43,19,37,2,'2021-07-17 00:01:34'),(44,28,54,4,'2021-07-17 00:01:34'),(45,72,100,4,'2021-07-17 00:01:34'),(46,4,78,4,'2021-07-17 00:01:34'),(47,57,51,4,'2021-07-17 00:01:34'),(48,54,26,3,'2021-07-17 00:01:34'),(49,48,45,4,'2021-07-17 00:01:34'),(50,63,77,4,'2021-07-17 00:01:34'),(51,35,96,3,'2021-07-17 00:01:34'),(52,74,51,2,'2021-07-17 00:01:34'),(53,16,78,2,'2021-07-17 00:01:34'),(54,78,61,3,'2021-07-17 00:01:34'),(55,65,15,4,'2021-07-17 00:01:34'),(56,52,21,3,'2021-07-17 00:01:34'),(57,88,88,3,'2021-07-17 00:01:34'),(58,9,20,3,'2021-07-17 00:01:34'),(59,99,81,1,'2021-07-17 00:01:34'),(60,95,52,3,'2021-07-17 00:01:34'),(61,15,51,1,'2021-07-17 00:01:34'),(62,98,60,1,'2021-07-17 00:01:34'),(63,42,97,3,'2021-07-17 00:01:34'),(64,94,98,1,'2021-07-17 00:01:34'),(65,46,5,4,'2021-07-17 00:01:34'),(66,18,31,1,'2021-07-17 00:01:34'),(67,10,48,1,'2021-07-17 00:01:34'),(68,4,89,2,'2021-07-17 00:01:34'),(69,1,3,1,'2021-07-17 00:01:34'),(70,56,41,2,'2021-07-17 00:01:34'),(71,58,79,1,'2021-07-17 00:01:34'),(72,64,58,4,'2021-07-17 00:01:34'),(73,23,14,1,'2021-07-17 00:01:34'),(74,64,17,4,'2021-07-17 00:01:34'),(75,9,69,1,'2021-07-17 00:01:34'),(76,85,68,4,'2021-07-17 00:01:34'),(77,22,52,4,'2021-07-17 00:01:34'),(78,7,58,3,'2021-07-17 00:01:34'),(79,64,15,4,'2021-07-17 00:01:34'),(80,64,74,4,'2021-07-17 00:01:34'),(81,71,20,4,'2021-07-17 00:01:34'),(82,60,50,3,'2021-07-17 00:01:34'),(83,83,13,1,'2021-07-17 00:01:34'),(84,51,98,2,'2021-07-17 00:01:34'),(85,98,74,3,'2021-07-17 00:01:34'),(86,55,46,3,'2021-07-17 00:01:34'),(87,97,83,1,'2021-07-17 00:01:34'),(88,67,64,1,'2021-07-17 00:01:34'),(89,1,47,2,'2021-07-17 00:01:34'),(90,30,46,2,'2021-07-17 00:01:34'),(91,54,54,1,'2021-07-17 00:01:34'),(92,75,52,2,'2021-07-17 00:01:34'),(93,17,80,2,'2021-07-17 00:01:34'),(94,100,55,4,'2021-07-17 00:01:34'),(95,13,39,3,'2021-07-17 00:01:34'),(96,50,88,4,'2021-07-17 00:01:34'),(97,96,1,1,'2021-07-17 00:01:34'),(98,92,3,2,'2021-07-17 00:01:34'),(99,75,63,4,'2021-07-17 00:01:34'),(100,58,22,2,'2021-07-17 00:01:34');
/*!40000 ALTER TABLE `likes` ENABLE KEYS */;
UNLOCK TABLES;

--
-- Temporary view structure for view `loc`
--

DROP TABLE IF EXISTS `loc`;
/*!50001 DROP VIEW IF EXISTS `loc`*/;
SET @saved_cs_client     = @@character_set_client;
/*!50503 SET character_set_client = utf8mb4 */;
/*!50001 CREATE VIEW `loc` AS SELECT 
 1 AS `name`,
 1 AS `city`,
 1 AS `country`*/;
SET character_set_client = @saved_cs_client;

--
-- Table structure for table `location`
--

DROP TABLE IF EXISTS `location`;
/*!40101 SET @saved_cs_client     = @@character_set_client */;
/*!50503 SET character_set_client = utf8mb4 */;
CREATE TABLE `location` (
  `id` int unsigned NOT NULL AUTO_INCREMENT,
  `city_id` int unsigned NOT NULL,
  `country_id` int unsigned NOT NULL,
  `street_id` int unsigned NOT NULL,
  `zip_code` varchar(100) CHARACTER SET utf8mb4 COLLATE utf8mb4_unicode_ci NOT NULL,
  `created_at` datetime DEFAULT CURRENT_TIMESTAMP,
  `updated_at` datetime DEFAULT CURRENT_TIMESTAMP ON UPDATE CURRENT_TIMESTAMP,
  PRIMARY KEY (`id`),
  KEY `location_city_id_fk` (`city_id`),
  KEY `location_country_id_fk` (`country_id`),
  KEY `location_street_id_fk` (`street_id`),
  CONSTRAINT `location_city_id_fk` FOREIGN KEY (`city_id`) REFERENCES `city` (`id`) ON DELETE CASCADE,
  CONSTRAINT `location_country_id_fk` FOREIGN KEY (`country_id`) REFERENCES `country` (`id`) ON DELETE CASCADE,
  CONSTRAINT `location_street_id_fk` FOREIGN KEY (`street_id`) REFERENCES `street` (`id`) ON DELETE CASCADE
) ENGINE=InnoDB AUTO_INCREMENT=101 DEFAULT CHARSET=utf8mb4 COLLATE=utf8mb4_unicode_ci;
/*!40101 SET character_set_client = @saved_cs_client */;

--
-- Dumping data for table `location`
--

LOCK TABLES `location` WRITE;
/*!40000 ALTER TABLE `location` DISABLE KEYS */;
INSERT INTO `location` VALUES (1,20,62,22,'26712-8866','2020-11-06 05:39:33','2021-07-16 21:59:59'),(2,4,24,88,'46062-3627','2018-09-07 23:10:31','2021-07-16 21:59:59'),(3,59,30,76,'56089-5570','2013-12-30 10:51:23','2021-07-16 21:59:59'),(4,82,81,15,'68604-9601','2021-04-27 14:10:06','2021-07-16 21:59:59'),(5,34,13,48,'20763','2014-09-12 22:34:09','2021-07-16 21:59:59'),(6,23,20,93,'78070','2012-08-29 03:32:17','2021-07-16 21:59:59'),(7,12,61,19,'95557','2018-12-03 22:56:59','2021-07-16 21:59:59'),(8,91,43,15,'91800','2013-11-21 14:46:47','2021-07-16 21:59:59'),(9,16,34,21,'09527-3004','2016-07-17 15:04:16','2021-07-16 21:59:59'),(10,10,42,56,'42956','2012-03-23 11:07:57','2021-07-16 21:59:59'),(11,99,4,19,'25675','2015-08-28 23:29:48','2021-07-16 21:59:59'),(12,66,97,27,'54334','2015-02-25 14:03:20','2021-07-16 21:59:59'),(13,32,70,77,'74887-2494','2013-11-08 22:38:45','2021-07-16 21:59:59'),(14,64,58,3,'52540','2017-02-07 00:51:00','2021-07-16 21:59:59'),(15,20,78,82,'36522','2014-08-21 00:04:31','2021-07-16 21:59:59'),(16,8,18,100,'65038','2014-04-11 23:12:35','2021-07-16 21:59:59'),(17,82,57,56,'47998','2021-01-18 20:16:37','2021-07-16 21:59:59'),(18,83,27,77,'72901-9212','2017-03-27 14:37:09','2021-07-16 21:59:59'),(19,71,66,19,'23598','2016-10-30 23:51:14','2021-07-16 21:59:55'),(20,3,49,60,'96654','2015-04-12 13:55:02','2021-07-16 21:59:59'),(21,1,46,46,'75765-2475','2019-09-24 14:11:05','2021-07-16 21:59:59'),(22,96,82,48,'91266-1842','2014-09-23 17:52:18','2021-07-16 21:59:59'),(23,77,70,2,'65779','2018-08-23 22:59:21','2021-07-16 21:59:59'),(24,98,6,64,'23801-5997','2018-12-06 07:20:56','2021-07-16 21:59:59'),(25,59,18,15,'09363','2016-01-23 19:24:25','2021-07-16 21:59:59'),(26,100,73,83,'03121-0684','2016-12-26 15:05:44','2021-07-16 21:59:59'),(27,20,12,70,'79609','2019-01-30 14:38:28','2021-07-16 21:59:59'),(28,3,37,100,'07045','2014-06-01 10:05:14','2021-07-16 21:59:59'),(29,53,49,89,'36668-4590','2012-07-27 04:34:42','2021-07-16 21:59:59'),(30,54,35,46,'55972-8964','2018-07-30 20:15:41','2021-07-16 21:59:59'),(31,9,27,62,'96099-9785','2019-01-18 21:02:48','2021-07-16 21:59:59'),(32,86,31,69,'96454','2018-10-27 05:51:29','2021-07-16 21:59:59'),(33,2,71,62,'80879-7953','2020-08-27 09:25:13','2021-07-16 21:59:59'),(34,51,61,100,'32703','2019-11-14 01:17:40','2021-07-16 21:59:59'),(35,50,93,13,'80740','2013-05-31 16:17:22','2021-07-16 21:59:59'),(36,95,83,65,'53903','2016-10-12 23:58:38','2021-07-16 21:59:59'),(37,23,33,88,'41826','2012-06-12 00:48:41','2021-07-16 21:59:59'),(38,32,17,42,'95822-4815','2014-02-21 17:03:30','2021-07-16 21:59:59'),(39,89,84,47,'75984-7381','2019-10-09 03:23:40','2021-07-16 21:59:59'),(40,50,71,7,'92567','2020-02-22 07:57:06','2021-07-16 21:59:59'),(41,83,1,95,'48138','2019-07-19 06:14:11','2021-07-16 21:59:59'),(42,63,93,53,'11487-9154','2017-11-12 01:28:17','2021-07-16 21:59:59'),(43,65,61,80,'76123-7309','2015-09-04 15:06:57','2021-07-16 21:59:59'),(44,37,23,42,'43484-8788','2017-04-14 05:16:56','2021-07-16 21:59:59'),(45,88,34,67,'37620','2012-09-09 19:30:21','2021-07-16 21:59:59'),(46,30,99,10,'30483-4377','2011-11-03 09:23:26','2021-07-16 21:59:59'),(47,86,94,46,'31680-8219','2020-11-29 03:55:27','2021-07-16 21:59:59'),(48,37,74,1,'43177-6319','2018-01-24 23:12:17','2021-07-16 21:59:59'),(49,29,85,65,'25960','2017-01-08 15:41:26','2021-07-16 21:59:59'),(50,33,5,22,'07574-2640','2021-06-05 07:27:25','2021-07-16 21:59:59'),(51,77,68,14,'47665','2017-06-10 21:53:50','2021-07-16 21:59:59'),(52,87,25,4,'53939','2021-05-04 01:25:03','2021-07-16 21:59:59'),(53,2,18,78,'72910-5822','2016-07-09 07:38:16','2021-07-16 21:59:59'),(54,50,17,78,'29618','2014-02-10 23:45:37','2021-07-16 21:59:59'),(55,41,29,54,'62036-4323','2016-01-19 17:18:43','2021-07-16 21:59:59'),(56,54,95,38,'15668-8907','2015-02-28 06:27:02','2021-07-16 21:59:59'),(57,47,86,27,'83149','2011-09-11 03:30:44','2021-07-16 21:59:59'),(58,74,47,20,'88474-2066','2016-11-04 04:06:24','2021-07-16 21:59:59'),(59,29,76,18,'85486-7577','2018-01-05 11:18:33','2021-07-16 21:59:59'),(60,20,39,30,'25446','2015-04-27 11:27:38','2021-07-16 21:59:59'),(61,15,64,95,'10474-8641','2013-07-06 02:47:43','2021-07-16 21:59:59'),(62,11,2,83,'27257','2014-07-23 08:38:25','2021-07-16 21:59:59'),(63,13,19,30,'29275-5848','2016-08-18 21:22:50','2021-07-16 21:59:59'),(64,31,88,100,'04155-7485','2012-11-15 05:13:42','2021-07-16 21:59:59'),(65,13,85,9,'52851','2015-03-23 22:15:34','2021-07-16 21:59:59'),(66,73,57,45,'49456-3872','2014-11-27 20:43:46','2021-07-16 21:59:59'),(67,26,32,97,'62129-7273','2012-01-29 03:41:55','2021-07-16 21:59:59'),(68,10,88,50,'90653','2019-04-21 03:22:20','2021-07-16 21:59:59'),(69,74,43,60,'33881-7562','2021-06-03 10:51:54','2021-07-16 21:59:59'),(70,36,52,46,'68659-7411','2017-03-11 08:13:10','2021-07-16 21:59:59'),(71,59,31,53,'00771','2012-07-24 07:38:44','2021-07-16 21:59:59'),(72,86,99,26,'76683','2017-08-28 08:38:53','2021-07-16 21:59:59'),(73,54,1,69,'55218-7143','2016-11-27 03:09:36','2021-07-16 21:59:59'),(74,10,6,69,'76715','2014-12-06 14:55:29','2021-07-16 21:59:59'),(75,89,28,35,'95650-8432','2015-07-23 12:35:36','2021-07-16 21:59:59'),(76,13,20,69,'09213-1081','2013-04-27 04:27:52','2021-07-16 21:59:59'),(77,98,15,38,'51178','2012-05-26 21:11:11','2021-07-16 21:59:59'),(78,52,14,82,'95250','2015-09-21 13:35:51','2021-07-16 21:59:59'),(79,64,27,95,'96475-1928','2016-09-24 08:42:33','2021-07-16 21:59:59'),(80,63,91,31,'86544-1724','2012-06-09 01:52:59','2021-07-16 21:59:59'),(81,22,72,70,'85499-0462','2021-04-05 05:33:58','2021-07-16 21:59:59'),(82,20,87,53,'13619','2020-06-21 18:40:46','2021-07-16 21:59:59'),(83,36,18,58,'63546-3693','2011-09-09 13:52:52','2021-07-16 21:59:59'),(84,20,28,30,'25790-3358','2013-03-21 05:02:34','2021-07-16 21:59:59'),(85,92,86,73,'03029','2014-09-11 10:15:30','2021-07-16 21:59:59'),(86,98,45,75,'21375-6860','2015-05-08 04:16:05','2021-07-16 21:59:59'),(87,13,67,58,'84002','2019-10-30 13:43:08','2021-07-16 21:59:59'),(88,70,1,63,'84749','2012-06-26 03:04:40','2021-07-16 21:59:59'),(89,11,5,40,'39583-6290','2016-07-29 23:41:07','2021-07-16 21:59:59'),(90,45,18,10,'34626-3381','2019-09-12 14:51:20','2021-07-16 21:59:59'),(91,93,76,32,'20604-8862','2016-01-01 01:29:47','2021-07-16 21:59:59'),(92,27,23,29,'00146-3943','2019-07-03 04:04:07','2021-07-16 21:59:59'),(93,58,89,50,'32805-3784','2017-05-16 13:45:30','2021-07-16 21:59:59'),(94,8,74,60,'87938','2012-05-08 09:20:53','2021-07-16 21:59:59'),(95,64,2,51,'15506','2015-05-11 11:33:41','2021-07-16 21:59:59'),(96,95,89,74,'47419','2014-07-18 19:46:18','2021-07-16 21:59:59'),(97,85,39,16,'60304','2014-09-28 04:45:06','2021-07-16 21:59:59'),(98,36,29,57,'29285','2015-08-29 23:01:05','2021-07-16 21:59:59'),(99,28,25,38,'39119-6725','2020-06-03 07:43:40','2021-07-16 21:59:59'),(100,29,40,18,'38725','2014-10-02 19:58:08','2021-07-16 21:59:59');
/*!40000 ALTER TABLE `location` ENABLE KEYS */;
UNLOCK TABLES;

--
-- Temporary view structure for view `loh`
--

DROP TABLE IF EXISTS `loh`;
/*!50001 DROP VIEW IF EXISTS `loh`*/;
SET @saved_cs_client     = @@character_set_client;
/*!50503 SET character_set_client = utf8mb4 */;
/*!50001 CREATE VIEW `loh` AS SELECT 
 1 AS `name`,
 1 AS `city`,
 1 AS `country`*/;
SET character_set_client = @saved_cs_client;

--
-- Table structure for table `media`
--

DROP TABLE IF EXISTS `media`;
/*!40101 SET @saved_cs_client     = @@character_set_client */;
/*!50503 SET character_set_client = utf8mb4 */;
CREATE TABLE `media` (
  `id` int unsigned NOT NULL AUTO_INCREMENT,
  `user_id` int unsigned NOT NULL,
  `filename` varchar(255) CHARACTER SET utf8mb4 COLLATE utf8mb4_unicode_ci NOT NULL,
  `size` int NOT NULL,
  `metadata` json DEFAULT NULL,
  `media_type_id` int unsigned NOT NULL,
  `created_at` datetime DEFAULT CURRENT_TIMESTAMP,
  `updated_at` datetime DEFAULT CURRENT_TIMESTAMP ON UPDATE CURRENT_TIMESTAMP,
  PRIMARY KEY (`id`),
  KEY `media_user_id_fk` (`user_id`),
  KEY `media_media_type_id_fk` (`media_type_id`),
  CONSTRAINT `media_media_type_id_fk` FOREIGN KEY (`media_type_id`) REFERENCES `media_types` (`id`) ON DELETE CASCADE,
  CONSTRAINT `media_user_id_fk` FOREIGN KEY (`user_id`) REFERENCES `users` (`id`) ON DELETE CASCADE,
  CONSTRAINT `media_chk_1` CHECK (json_valid(`metadata`))
) ENGINE=InnoDB AUTO_INCREMENT=101 DEFAULT CHARSET=utf8mb4 COLLATE=utf8mb4_unicode_ci;
/*!40101 SET character_set_client = @saved_cs_client */;

--
-- Dumping data for table `media`
--

LOCK TABLES `media` WRITE;
/*!40000 ALTER TABLE `media` DISABLE KEYS */;
INSERT INTO `media` VALUES (1,23,'https://dropbox.com/fb/fugiat.mp3',9899153,'{\"owner\": \"Amos Hackett\"}',3,'2016-07-09 00:43:53','2021-07-16 23:14:37'),(2,19,'https://dropbox.com/fb/dolorem.mov',450244,'{\"owner\": \"Laron Greenholt\"}',3,'2013-02-09 04:32:08','2021-07-16 23:14:37'),(3,27,'https://dropbox.com/fb/illum.mov',2014766,'{\"owner\": \"Delaney Hodkiewicz\"}',3,'2018-12-02 01:38:14','2021-07-16 23:14:37'),(4,75,'https://dropbox.com/fb/animi.mpg',8512780,'{\"owner\": \"Silas Krajcik\"}',2,'2019-04-14 12:57:46','2021-07-16 23:14:37'),(5,97,'https://dropbox.com/fb/omnis.mpg',362256,'{\"owner\": \"Kevin Orn\"}',1,'2012-06-19 06:40:52','2021-07-16 23:14:37'),(6,57,'https://dropbox.com/fb/quibusdam.mpg',276371,'{\"owner\": \"Luella Wolff\"}',1,'2018-07-18 03:02:19','2021-07-16 23:14:37'),(7,96,'https://dropbox.com/fb/aspernatur.avi',5237558,'{\"owner\": \"Berta Strosin\"}',2,'2019-07-09 22:54:41','2021-07-16 23:14:37'),(8,9,'https://dropbox.com/fb/non.mpg',5258680,'{\"owner\": \"Greyson Runolfsdottir\"}',3,'2014-11-13 02:00:22','2021-07-16 23:14:37'),(9,54,'https://dropbox.com/fb/voluptatibus.mp3',480724,'{\"owner\": \"Melisa Hansen\"}',3,'2018-12-23 18:51:55','2021-07-16 23:14:37'),(10,44,'https://dropbox.com/fb/provident.mov',6527583,'{\"owner\": \"Adelle Kirlin\"}',2,'2014-07-06 16:30:52','2021-07-16 23:14:37'),(11,56,'https://dropbox.com/fb/rerum.mpg',73146637,'{\"owner\": \"Ethel Lindgren\"}',1,'2012-08-15 13:11:49','2021-07-16 23:14:37'),(12,49,'https://dropbox.com/fb/est.mov',316459474,'{\"owner\": \"Desmond Rippin\"}',2,'2019-06-18 11:30:27','2021-07-16 23:14:37'),(13,75,'https://dropbox.com/fb/exercitationem.avi',9278385,'{\"owner\": \"Silas Krajcik\"}',1,'2018-05-11 06:13:14','2021-07-16 23:14:37'),(14,27,'https://dropbox.com/fb/architecto.mp3',1095743,'{\"owner\": \"Delaney Hodkiewicz\"}',2,'2019-08-05 07:49:07','2021-07-16 23:14:37'),(15,10,'https://dropbox.com/fb/tenetur.avi',835108086,'{\"owner\": \"Maurice Bailey\"}',1,'2018-02-10 22:48:24','2021-07-16 23:14:37'),(16,68,'https://dropbox.com/fb/voluptas.avi',5795967,'{\"owner\": \"Kristoffer Keebler\"}',1,'2012-07-27 16:39:41','2021-07-16 23:14:37'),(17,9,'https://dropbox.com/fb/repudiandae.mp3',5592605,'{\"owner\": \"Greyson Runolfsdottir\"}',2,'2017-09-17 00:37:49','2021-07-16 23:14:37'),(18,40,'https://dropbox.com/fb/molestiae.mov',475126,'{\"owner\": \"Beaulah Jones\"}',3,'2019-01-03 20:47:09','2021-07-16 23:14:37'),(19,73,'https://dropbox.com/fb/possimus.avi',5497817,'{\"owner\": \"Laurine Stiedemann\"}',1,'2014-07-16 13:28:31','2021-07-16 23:14:37'),(20,47,'https://dropbox.com/fb/eveniet.avi',5963708,'{\"owner\": \"Yesenia Willms\"}',2,'2018-10-31 06:12:54','2021-07-16 23:14:37'),(21,12,'https://dropbox.com/fb/ut.mov',8061781,'{\"owner\": \"Charlene VonRueden\"}',2,'2018-10-17 21:36:14','2021-07-16 23:14:37'),(22,20,'https://dropbox.com/fb/doloremque.mpg',9435444,'{\"owner\": \"Nyah Mayert\"}',1,'2021-04-18 19:53:05','2021-07-16 23:14:37'),(23,65,'https://dropbox.com/fb/non.mp3',452063908,'{\"owner\": \"Kellie Sawayn\"}',3,'2021-02-07 04:05:29','2021-07-16 23:14:37'),(24,63,'https://dropbox.com/fb/aut.mov',3225091,'{\"owner\": \"Daija Greenfelder\"}',1,'2011-10-10 03:20:02','2021-07-16 23:14:37'),(25,21,'https://dropbox.com/fb/et.mpg',8134329,'{\"owner\": \"Velva Lang\"}',1,'2013-03-15 19:41:20','2021-07-16 23:14:37'),(26,15,'https://dropbox.com/fb/vero.mp3',896374,'{\"owner\": \"Ramon Goodwin\"}',2,'2014-02-11 19:10:46','2021-07-16 23:14:37'),(27,12,'https://dropbox.com/fb/ipsam.mov',9978885,'{\"owner\": \"Charlene VonRueden\"}',1,'2012-04-27 17:17:14','2021-07-16 23:14:37'),(28,15,'https://dropbox.com/fb/mollitia.mov',6037690,'{\"owner\": \"Ramon Goodwin\"}',3,'2011-08-28 21:06:06','2021-07-16 23:14:37'),(29,38,'https://dropbox.com/fb/consequatur.mp3',7105302,'{\"owner\": \"Yadira Yost\"}',2,'2016-07-14 19:31:40','2021-07-16 23:14:37'),(30,45,'https://dropbox.com/fb/et.mpg',5489857,'{\"owner\": \"Madeline Flatley\"}',2,'2017-01-12 15:46:09','2021-07-16 23:14:37'),(31,8,'https://dropbox.com/fb/quam.mov',6033380,'{\"owner\": \"Ned Leannon\"}',3,'2017-03-31 09:51:51','2021-07-16 23:14:37'),(32,6,'https://dropbox.com/fb/maiores.mov',3597328,'{\"owner\": \"Maritza Heathcote\"}',3,'2013-09-11 04:20:48','2021-07-16 23:14:37'),(33,8,'https://dropbox.com/fb/numquam.avi',9786504,'{\"owner\": \"Ned Leannon\"}',1,'2015-03-04 22:03:55','2021-07-16 23:14:37'),(34,18,'https://dropbox.com/fb/quis.avi',8040534,'{\"owner\": \"Caden Johns\"}',3,'2014-12-28 11:44:33','2021-07-16 23:14:37'),(35,65,'https://dropbox.com/fb/blanditiis.mov',743160,'{\"owner\": \"Kellie Sawayn\"}',3,'2012-12-13 13:40:31','2021-07-16 23:14:37'),(36,72,'https://dropbox.com/fb/dignissimos.mp3',9494201,'{\"owner\": \"Ian Kihn\"}',2,'2011-08-19 04:15:44','2021-07-16 23:14:37'),(37,63,'https://dropbox.com/fb/suscipit.mpg',5141522,'{\"owner\": \"Daija Greenfelder\"}',2,'2018-01-16 22:17:56','2021-07-16 23:14:37'),(38,1,'https://dropbox.com/fb/expedita.mov',7125010,'{\"owner\": \"Devan Upton\"}',2,'2012-03-31 04:15:50','2021-07-16 23:14:37'),(39,14,'https://dropbox.com/fb/ducimus.mpg',100482,'{\"owner\": \"Kelsi Wilderman\"}',2,'2020-11-03 22:16:27','2021-07-16 23:14:37'),(40,68,'https://dropbox.com/fb/voluptas.mpg',9027384,'{\"owner\": \"Kristoffer Keebler\"}',2,'2020-01-18 15:55:16','2021-07-16 23:14:37'),(41,98,'https://dropbox.com/fb/consequatur.avi',703309,'{\"owner\": \"Roberto Douglas\"}',2,'2013-05-09 06:56:18','2021-07-16 23:14:37'),(42,84,'https://dropbox.com/fb/et.mov',4735476,'{\"owner\": \"Melisa Stark\"}',2,'2015-03-22 15:52:52','2021-07-16 23:14:37'),(43,26,'https://dropbox.com/fb/et.mov',6495225,'{\"owner\": \"Melisa Grant\"}',3,'2012-07-06 06:03:52','2021-07-16 23:14:37'),(44,78,'https://dropbox.com/fb/sed.mp3',8169700,'{\"owner\": \"Jacky Rowe\"}',1,'2012-05-24 07:16:27','2021-07-16 23:14:37'),(45,12,'https://dropbox.com/fb/possimus.avi',1262825,'{\"owner\": \"Charlene VonRueden\"}',1,'2021-06-03 17:28:55','2021-07-16 23:14:37'),(46,24,'https://dropbox.com/fb/dolores.avi',3523917,'{\"owner\": \"Baby Yundt\"}',3,'2011-10-03 16:04:09','2021-07-16 23:14:37'),(47,84,'https://dropbox.com/fb/fugit.mov',800818241,'{\"owner\": \"Melisa Stark\"}',3,'2013-03-26 13:47:07','2021-07-16 23:14:37'),(48,50,'https://dropbox.com/fb/omnis.avi',659058,'{\"owner\": \"Evelyn Stoltenberg\"}',3,'2013-05-29 08:33:29','2021-07-16 23:14:37'),(49,95,'https://dropbox.com/fb/praesentium.mov',1705026,'{\"owner\": \"Adelia Hyatt\"}',2,'2019-11-07 00:50:14','2021-07-16 23:14:37'),(50,23,'https://dropbox.com/fb/magni.avi',4636656,'{\"owner\": \"Amos Hackett\"}',1,'2015-07-21 19:58:54','2021-07-16 23:14:37'),(51,31,'https://dropbox.com/fb/vel.mp3',5204108,'{\"owner\": \"Sierra Quitzon\"}',3,'2017-08-27 23:45:31','2021-07-16 23:14:37'),(52,85,'https://dropbox.com/fb/in.mov',7968204,'{\"owner\": \"Marquis Sauer\"}',3,'2018-09-10 21:45:02','2021-07-16 23:14:37'),(53,32,'https://dropbox.com/fb/quia.mov',5831050,'{\"owner\": \"Lue Metz\"}',2,'2013-08-08 19:05:57','2021-07-16 23:14:37'),(54,6,'https://dropbox.com/fb/excepturi.mov',5150640,'{\"owner\": \"Maritza Heathcote\"}',3,'2017-11-04 01:29:45','2021-07-16 23:14:37'),(55,32,'https://dropbox.com/fb/accusamus.avi',866558,'{\"owner\": \"Lue Metz\"}',3,'2020-03-11 03:09:41','2021-07-16 23:14:37'),(56,41,'https://dropbox.com/fb/nulla.avi',8160053,'{\"owner\": \"Johann Predovic\"}',2,'2015-06-13 03:19:34','2021-07-16 23:14:37'),(57,8,'https://dropbox.com/fb/nam.mpg',95664619,'{\"owner\": \"Ned Leannon\"}',2,'2012-12-03 16:17:42','2021-07-16 23:14:37'),(58,19,'https://dropbox.com/fb/laborum.avi',5248344,'{\"owner\": \"Laron Greenholt\"}',2,'2013-12-13 19:15:27','2021-07-16 23:14:37'),(59,68,'https://dropbox.com/fb/qui.mov',960504680,'{\"owner\": \"Kristoffer Keebler\"}',1,'2019-03-24 09:25:16','2021-07-16 23:14:37'),(60,83,'https://dropbox.com/fb/nobis.avi',1661563,'{\"owner\": \"Jolie Corkery\"}',3,'2019-11-23 09:05:29','2021-07-16 23:14:37'),(61,9,'https://dropbox.com/fb/fuga.mp3',2462785,'{\"owner\": \"Greyson Runolfsdottir\"}',2,'2015-03-07 05:29:18','2021-07-16 23:14:37'),(62,98,'https://dropbox.com/fb/modi.mov',7229234,'{\"owner\": \"Roberto Douglas\"}',1,'2014-01-19 01:07:19','2021-07-16 23:14:37'),(63,63,'https://dropbox.com/fb/commodi.avi',8657819,'{\"owner\": \"Daija Greenfelder\"}',3,'2011-08-22 01:05:52','2021-07-16 23:14:37'),(64,21,'https://dropbox.com/fb/harum.avi',1501391,'{\"owner\": \"Velva Lang\"}',1,'2020-06-12 04:57:21','2021-07-16 23:14:37'),(65,14,'https://dropbox.com/fb/animi.mov',1433500,'{\"owner\": \"Kelsi Wilderman\"}',1,'2015-04-04 00:42:58','2021-07-16 23:14:37'),(66,5,'https://dropbox.com/fb/sed.avi',2563328,'{\"owner\": \"Herman Hane\"}',3,'2019-11-26 01:04:39','2021-07-16 23:14:37'),(67,85,'https://dropbox.com/fb/sint.avi',48673101,'{\"owner\": \"Marquis Sauer\"}',3,'2018-02-12 11:51:24','2021-07-16 23:14:37'),(68,8,'https://dropbox.com/fb/debitis.mp3',8416139,'{\"owner\": \"Ned Leannon\"}',1,'2015-09-16 17:19:19','2021-07-16 23:14:37'),(69,87,'https://dropbox.com/fb/ea.mov',4290715,'{\"owner\": \"Luis Bradtke\"}',3,'2017-05-04 01:21:47','2021-07-16 23:14:37'),(70,9,'https://dropbox.com/fb/ut.mpg',6105156,'{\"owner\": \"Greyson Runolfsdottir\"}',2,'2018-03-09 22:20:22','2021-07-16 23:14:37'),(71,82,'https://dropbox.com/fb/at.avi',2013360,'{\"owner\": \"Loraine Bartell\"}',3,'2012-12-26 14:42:54','2021-07-16 23:14:37'),(72,82,'https://dropbox.com/fb/voluptas.mov',7553638,'{\"owner\": \"Loraine Bartell\"}',2,'2014-11-02 06:27:16','2021-07-16 23:14:37'),(73,64,'https://dropbox.com/fb/et.mp3',9352723,'{\"owner\": \"Kris Reilly\"}',2,'2017-04-25 00:30:01','2021-07-16 23:14:37'),(74,73,'https://dropbox.com/fb/eveniet.mov',4002702,'{\"owner\": \"Laurine Stiedemann\"}',3,'2018-03-16 03:01:49','2021-07-16 23:14:37'),(75,73,'https://dropbox.com/fb/ullam.avi',41472496,'{\"owner\": \"Laurine Stiedemann\"}',2,'2020-12-27 08:30:17','2021-07-16 23:14:37'),(76,44,'https://dropbox.com/fb/culpa.mov',890938,'{\"owner\": \"Adelle Kirlin\"}',1,'2019-09-08 21:22:32','2021-07-16 23:14:37'),(77,1,'https://dropbox.com/fb/et.mpg',32620535,'{\"owner\": \"Devan Upton\"}',1,'2020-04-18 19:25:11','2021-07-16 23:14:37'),(78,73,'https://dropbox.com/fb/ratione.mov',1855342,'{\"owner\": \"Laurine Stiedemann\"}',2,'2016-09-11 03:05:47','2021-07-16 23:14:37'),(79,60,'https://dropbox.com/fb/quos.mov',9040362,'{\"owner\": \"Clifford Tremblay\"}',2,'2013-07-06 21:01:23','2021-07-16 23:14:37'),(80,81,'https://dropbox.com/fb/sint.avi',128999,'{\"owner\": \"Michelle DuBuque\"}',3,'2020-08-22 16:17:35','2021-07-16 23:14:37'),(81,26,'https://dropbox.com/fb/voluptatem.mp3',7168603,'{\"owner\": \"Melisa Grant\"}',3,'2013-10-22 13:49:47','2021-07-16 23:14:37'),(82,84,'https://dropbox.com/fb/libero.mov',176989,'{\"owner\": \"Melisa Stark\"}',2,'2012-01-05 01:13:20','2021-07-16 23:14:37'),(83,42,'https://dropbox.com/fb/qui.mp3',197045,'{\"owner\": \"Anne Kuhn\"}',2,'2015-09-01 01:06:53','2021-07-16 23:14:37'),(84,56,'https://dropbox.com/fb/voluptates.avi',9279136,'{\"owner\": \"Ethel Lindgren\"}',1,'2014-03-16 15:25:56','2021-07-16 23:14:37'),(85,57,'https://dropbox.com/fb/aliquam.mpg',196504,'{\"owner\": \"Luella Wolff\"}',1,'2020-09-15 06:34:58','2021-07-16 23:14:37'),(86,13,'https://dropbox.com/fb/nostrum.mov',6404410,'{\"owner\": \"Colton Koss\"}',3,'2016-08-05 23:55:42','2021-07-16 23:14:37'),(87,95,'https://dropbox.com/fb/vitae.mov',5764715,'{\"owner\": \"Adelia Hyatt\"}',2,'2017-12-03 08:16:22','2021-07-16 23:14:37'),(88,35,'https://dropbox.com/fb/nobis.mp3',886168,'{\"owner\": \"Ari Doyle\"}',1,'2021-03-06 09:30:43','2021-07-16 23:14:37'),(89,90,'https://dropbox.com/fb/maxime.avi',95312161,'{\"owner\": \"Quinten Lindgren\"}',1,'2013-06-11 14:57:15','2021-07-16 23:14:37'),(90,45,'https://dropbox.com/fb/deleniti.mov',7036697,'{\"owner\": \"Madeline Flatley\"}',2,'2018-06-02 07:27:49','2021-07-16 23:14:37'),(91,55,'https://dropbox.com/fb/vero.avi',2424979,'{\"owner\": \"Shanie Dickens\"}',3,'2016-07-30 12:52:17','2021-07-16 23:14:37'),(92,40,'https://dropbox.com/fb/doloremque.mpg',7567103,'{\"owner\": \"Beaulah Jones\"}',3,'2018-09-28 06:09:51','2021-07-16 23:14:37'),(93,35,'https://dropbox.com/fb/qui.avi',59478015,'{\"owner\": \"Ari Doyle\"}',1,'2019-06-13 17:39:45','2021-07-16 23:14:37'),(94,54,'https://dropbox.com/fb/accusantium.avi',914806,'{\"owner\": \"Melisa Hansen\"}',3,'2017-11-28 16:11:39','2021-07-16 23:14:37'),(95,66,'https://dropbox.com/fb/reprehenderit.mpg',7199093,'{\"owner\": \"Dylan Mills\"}',1,'2021-02-14 18:19:20','2021-07-16 23:14:37'),(96,64,'https://dropbox.com/fb/assumenda.mov',3151047,'{\"owner\": \"Kris Reilly\"}',2,'2020-12-09 14:09:58','2021-07-16 23:14:37'),(97,24,'https://dropbox.com/fb/voluptatem.mp3',4057960,'{\"owner\": \"Baby Yundt\"}',2,'2014-07-02 21:42:23','2021-07-16 23:14:37'),(98,26,'https://dropbox.com/fb/molestiae.mp3',404536499,'{\"owner\": \"Melisa Grant\"}',1,'2019-12-18 16:58:44','2021-07-16 23:14:37'),(99,60,'https://dropbox.com/fb/cum.mpg',736657,'{\"owner\": \"Clifford Tremblay\"}',1,'2014-06-15 13:52:41','2021-07-16 23:14:37'),(100,19,'https://dropbox.com/fb/corrupti.mpg',1409409,'{\"owner\": \"Laron Greenholt\"}',1,'2016-01-03 22:49:20','2021-07-16 23:14:37');
/*!40000 ALTER TABLE `media` ENABLE KEYS */;
UNLOCK TABLES;

--
-- Table structure for table `media_types`
--

DROP TABLE IF EXISTS `media_types`;
/*!40101 SET @saved_cs_client     = @@character_set_client */;
/*!50503 SET character_set_client = utf8mb4 */;
CREATE TABLE `media_types` (
  `id` int unsigned NOT NULL AUTO_INCREMENT,
  `name` varchar(255) CHARACTER SET utf8mb4 COLLATE utf8mb4_unicode_ci NOT NULL,
  `created_at` datetime DEFAULT CURRENT_TIMESTAMP,
  `updated_at` datetime DEFAULT CURRENT_TIMESTAMP ON UPDATE CURRENT_TIMESTAMP,
  PRIMARY KEY (`id`),
  UNIQUE KEY `name` (`name`)
) ENGINE=InnoDB AUTO_INCREMENT=4 DEFAULT CHARSET=utf8mb4 COLLATE=utf8mb4_unicode_ci;
/*!40101 SET character_set_client = @saved_cs_client */;

--
-- Dumping data for table `media_types`
--

LOCK TABLES `media_types` WRITE;
/*!40000 ALTER TABLE `media_types` DISABLE KEYS */;
INSERT INTO `media_types` VALUES (1,'video','2021-07-16 23:02:49','2021-07-16 23:02:49'),(2,'audio','2021-07-16 23:02:49','2021-07-16 23:02:49'),(3,'images','2021-07-16 23:02:49','2021-07-16 23:02:49');
/*!40000 ALTER TABLE `media_types` ENABLE KEYS */;
UNLOCK TABLES;

--
-- Table structure for table `messages`
--

DROP TABLE IF EXISTS `messages`;
/*!40101 SET @saved_cs_client     = @@character_set_client */;
/*!50503 SET character_set_client = utf8mb4 */;
CREATE TABLE `messages` (
  `id` int unsigned NOT NULL AUTO_INCREMENT,
  `from_user_id` int unsigned NOT NULL,
  `to_user_id` int unsigned NOT NULL,
  `body` text CHARACTER SET utf8mb4 COLLATE utf8mb4_unicode_ci NOT NULL,
  `is_important` tinyint(1) DEFAULT NULL,
  `is_delivered` tinyint(1) DEFAULT NULL,
  `created_at` datetime DEFAULT CURRENT_TIMESTAMP,
  `updated_at` datetime DEFAULT CURRENT_TIMESTAMP ON UPDATE CURRENT_TIMESTAMP,
  PRIMARY KEY (`id`),
  KEY `messager_from_user_id_fk` (`from_user_id`),
  KEY `messager_to_user_id_fk` (`to_user_id`),
  CONSTRAINT `messager_from_user_id_fk` FOREIGN KEY (`from_user_id`) REFERENCES `users` (`id`) ON DELETE CASCADE,
  CONSTRAINT `messager_to_user_id_fk` FOREIGN KEY (`to_user_id`) REFERENCES `users` (`id`) ON DELETE CASCADE
) ENGINE=InnoDB AUTO_INCREMENT=101 DEFAULT CHARSET=utf8mb4 COLLATE=utf8mb4_unicode_ci;
/*!40101 SET character_set_client = @saved_cs_client */;

--
-- Dumping data for table `messages`
--

LOCK TABLES `messages` WRITE;
/*!40000 ALTER TABLE `messages` DISABLE KEYS */;
INSERT INTO `messages` VALUES (1,41,14,'Ut expedita corporis omnis quia quia. Sequi sunt corporis eveniet. Quia porro quasi rerum unde non reprehenderit laudantium vel.',1,1,'2016-12-12 09:02:57','2021-07-17 00:01:12'),(2,44,79,'Nobis vero magni aut quas repudiandae ut. Totam aut quia quo. Numquam accusamus qui quia. Officia praesentium veritatis voluptatem ut non praesentium nemo.',1,0,'2019-01-10 08:01:28','2021-07-17 00:01:12'),(3,61,68,'Numquam repellat vel voluptatem ex deleniti aliquam qui. Facere quis assumenda laboriosam et excepturi aut dolores. Ut sit et aut veritatis cupiditate debitis quo. Dolores libero quis quia.',0,1,'2015-12-18 17:52:58','2021-07-17 00:01:12'),(4,57,82,'Occaecati vitae ea omnis sit consequatur praesentium qui. Libero tempore hic iure velit et assumenda est. Laudantium quo cumque voluptatem repellat corporis et.',1,1,'2018-10-04 17:19:50','2021-07-17 00:01:12'),(5,36,33,'Fuga nostrum consequatur quia magni qui voluptas vel. Aut qui ab sequi voluptatum et saepe. Et quam autem aut vitae dolores.',1,0,'2020-11-15 02:40:12','2021-07-17 00:01:12'),(6,55,79,'Magni facere ducimus vero fugiat ut. Voluptatibus quis est est quam aperiam.',1,0,'2018-03-16 02:15:08','2021-07-17 00:01:12'),(7,27,97,'Et vel sit quo et. Sequi id nihil qui. Eum et rem voluptas.',1,1,'2021-02-18 10:02:53','2021-07-17 00:01:12'),(8,4,31,'Ut veritatis nihil fugiat ea iusto est et omnis. Rerum cupiditate iusto nam aspernatur dicta laborum. Tempore repudiandae praesentium consectetur ullam doloribus eum.',0,1,'2014-05-08 10:29:39','2021-07-17 00:01:12'),(9,39,5,'Ut et quod repudiandae deserunt hic. Perferendis modi nihil enim cum. Atque sunt itaque qui suscipit blanditiis aliquid nobis voluptate. Sequi cupiditate quidem recusandae itaque unde facilis commodi nisi.',0,0,'2019-06-14 07:53:26','2021-07-17 00:01:12'),(10,5,9,'Ipsam accusantium repellat nisi illum est. Ut aperiam tempora ipsam. Corrupti aut aperiam rerum accusantium blanditiis cumque. Quia deleniti nemo nisi rem rerum iste vel et.',1,0,'2019-01-02 06:00:17','2021-07-17 00:01:12'),(11,29,18,'Sed aspernatur sapiente quia nihil consequatur. Voluptatibus non iste aspernatur voluptates. Iure eos nesciunt ut sed maxime. Molestiae ipsam qui aut autem debitis.',0,1,'2013-05-13 08:09:04','2021-07-17 00:01:12'),(12,5,68,'Quidem nostrum debitis et perspiciatis sit. Nihil iure et minus aut rerum voluptas ex. Quod vel veritatis non.',1,1,'2016-08-23 21:13:15','2021-07-17 00:01:12'),(13,26,23,'Quia fugit id maxime. Nulla voluptatem animi tempora. Facilis nihil vel perferendis culpa molestias quod corporis. Libero perferendis neque ex ullam.',0,1,'2015-07-14 18:13:24','2021-07-17 00:01:12'),(14,38,23,'Laudantium velit quos soluta ipsum. Assumenda cum libero eos. Hic sit dolores doloremque sed excepturi cumque.',1,1,'2018-03-30 14:58:29','2021-07-17 00:01:12'),(15,97,15,'Voluptatem nihil excepturi et aut tempore adipisci qui. Explicabo eum doloremque sapiente et rerum in dolor. Quas dolor cumque libero. Sed minima recusandae est.',0,0,'2018-06-23 15:18:21','2021-07-17 00:01:12'),(16,86,83,'Eius amet dolores qui quia temporibus ut. Hic voluptas non nihil ipsa quia odio ullam.',1,0,'2014-08-07 07:10:12','2021-07-17 00:01:12'),(17,59,44,'Iste et sunt dolor magnam non qui. Unde enim debitis voluptate odit necessitatibus facilis odit mollitia. Rerum et est magni iusto ab iure fugiat. Reprehenderit sed enim voluptatem et mollitia enim.',1,0,'2018-02-13 17:30:30','2021-07-17 00:01:12'),(18,44,84,'Animi voluptatem dignissimos quaerat ipsam possimus ad omnis. Fugit voluptas qui rem. At accusamus eum aut minima totam. Odit ut odio veritatis et occaecati.',1,0,'2012-02-07 02:36:57','2021-07-17 00:01:12'),(19,91,1,'Sed magnam soluta sed et. Ex libero earum dolorum aspernatur dolorem minima. Cum repudiandae maiores nemo et est. Voluptatem dolorum ut et veritatis iure explicabo nobis.',0,1,'2020-12-08 16:46:50','2021-07-17 00:01:12'),(20,33,62,'Veniam accusantium odit adipisci voluptatum quas nobis magni est. Eligendi vel nostrum voluptatem a maiores neque porro. Eum sunt nesciunt sit eum omnis in ab et.',1,0,'2016-07-25 19:47:01','2021-07-17 00:01:12'),(21,9,58,'Suscipit sint est aut. Et sint repudiandae atque ut quam et veritatis. Quia commodi perferendis non aut totam. Nobis aut aut quidem dolorem. Nisi quia non magnam consequatur.',1,0,'2020-01-29 00:41:07','2021-07-17 00:01:12'),(22,61,33,'Unde hic cupiditate amet quia. Nemo amet omnis dolores atque eum. Voluptas laboriosam veniam doloribus. Consequuntur veniam tenetur culpa et sint ab.',1,0,'2013-03-13 13:36:18','2021-07-17 00:01:12'),(23,83,13,'Modi eligendi eaque voluptatem provident numquam velit. Sed magni sint et quia. Aut officia nostrum corporis ut sed. Enim omnis atque molestiae facilis atque porro dolores.',1,0,'2014-01-28 01:29:39','2021-07-17 00:01:12'),(24,18,48,'Vel ut voluptatem optio debitis officia eaque voluptatum ut. Nemo dolorum recusandae explicabo sit. Odio illo voluptas unde placeat temporibus dicta.',1,0,'2019-12-02 13:06:03','2021-07-17 00:01:12'),(25,86,84,'Optio vitae eius adipisci incidunt quo iusto itaque illo. Non eum natus amet ut. A ut tempore deserunt nobis ut occaecati optio. Atque quia eos et autem.',1,0,'2014-01-24 04:48:56','2021-07-17 00:01:12'),(26,65,69,'Vel impedit laborum blanditiis sapiente. Excepturi ut tempora explicabo deserunt. Reprehenderit corrupti repellendus reprehenderit inventore.',0,0,'2018-06-20 06:02:22','2021-07-17 00:01:12'),(27,50,43,'Eveniet unde ut dolorem voluptatum. Aut id aut tempora modi assumenda est natus laborum. Omnis aliquam doloribus rerum et quo. Ut ad ut iure et aut.',0,0,'2012-12-10 17:00:37','2021-07-17 00:01:12'),(28,66,1,'Perspiciatis enim quaerat magnam non et. Ab omnis sed voluptate necessitatibus. Qui a repellendus dolorem laboriosam eius quia neque. Sed velit ipsa est.',1,0,'2021-06-12 13:27:53','2021-07-17 00:01:12'),(29,4,19,'Autem cum esse sit. Corrupti magnam ut velit vitae in sunt. Consequatur repudiandae quia aliquid eligendi optio sint aut. Et dolores quia qui quia voluptas voluptatibus sit.',1,1,'2017-03-09 23:45:41','2021-07-17 00:01:12'),(30,81,49,'Illum qui quia dignissimos asperiores et officia. Voluptatem quia adipisci quas aut qui est. Tenetur qui quia sed. Ea nihil neque dolore non dicta.',1,1,'2018-04-26 20:35:24','2021-07-17 00:01:12'),(31,99,47,'Molestiae velit saepe nam et nisi eligendi ipsa aut. Dolorum et pariatur placeat et consequatur. Quo repellat sit dolores officia quia eos sapiente.',1,0,'2019-05-29 01:16:19','2021-07-17 00:01:12'),(32,40,59,'Autem qui deleniti sint exercitationem sit suscipit nemo quae. Qui quo necessitatibus eaque quisquam et praesentium sit expedita. Est veniam repellat officiis accusantium aperiam aut optio. Qui qui laudantium minima maiores.',0,0,'2019-11-23 00:57:14','2021-07-17 00:01:12'),(33,72,82,'Consequatur placeat distinctio quisquam. Porro minima qui aliquid omnis eum aperiam aperiam. Libero et consectetur deleniti tempora sunt quia odio ducimus. Amet illum veniam ut nulla hic sit delectus.',0,1,'2017-07-24 02:40:10','2021-07-17 00:01:12'),(34,94,24,'Doloremque perferendis est in mollitia quam impedit inventore. Esse ut dolor rerum nihil magnam aut. Error vitae in optio dolorem dolor non. Explicabo aut ipsum animi nemo sit. Dolor quo eius ipsum quisquam excepturi harum sed quia.',0,1,'2018-08-14 07:03:09','2021-07-17 00:01:12'),(35,38,18,'Vel corporis nihil velit facilis vel vitae. Eos et maiores ab placeat laborum. Rerum amet voluptatem quod autem quasi.',1,0,'2015-10-01 18:17:20','2021-07-17 00:01:12'),(36,75,19,'Autem vel aut et voluptatem sed voluptas in ipsum. Aut consectetur sint consequatur nisi quae.',0,0,'2013-02-28 12:01:23','2021-07-17 00:01:12'),(37,72,3,'Ut tempore quasi qui. Ut neque libero inventore qui. Cumque ab libero labore quod ut sit. Nulla temporibus ut cupiditate sed eligendi. Error dolor culpa est architecto praesentium in.',0,1,'2016-08-29 18:45:39','2021-07-17 00:01:12'),(38,99,83,'Aut rem consequatur esse iusto. Est hic veritatis voluptatum perspiciatis facilis. Sed atque deserunt alias qui qui nihil voluptatem.',0,0,'2019-05-30 18:59:29','2021-07-17 00:01:12'),(39,17,34,'Inventore asperiores ea sint aut. Autem consequatur reiciendis temporibus. Eum accusamus dolorem neque autem molestiae.',0,1,'2021-04-26 04:29:45','2021-07-17 00:01:12'),(40,22,6,'Eligendi et et est minima ducimus et earum. Quia dolorem quia consequatur eos. Et esse consequatur provident perspiciatis numquam commodi.',0,1,'2015-04-11 11:07:28','2021-07-17 00:01:12'),(41,63,96,'Atque iusto fugiat dolorem accusamus quia iure. Necessitatibus quam voluptates recusandae. Et sequi quia aut in quis perspiciatis.',1,0,'2020-12-04 16:26:13','2021-07-17 00:01:12'),(42,90,61,'Adipisci sunt id explicabo id. Voluptatum sed consequatur perspiciatis reprehenderit. Aut est voluptates dicta sed impedit.',0,1,'2015-09-29 18:31:16','2021-07-17 00:01:12'),(43,34,87,'Quo iure omnis ut ducimus voluptatibus. Rem ipsum autem eos et cumque ipsam. Facilis voluptatum cupiditate harum commodi.',0,0,'2021-03-22 01:23:19','2021-07-17 00:01:12'),(44,34,8,'Eum assumenda quia sed voluptas sed quam veniam. Nemo necessitatibus numquam iusto dolor. Qui tenetur ipsam consequatur qui vitae. Quia molestias distinctio unde.',0,1,'2021-05-13 02:52:38','2021-07-17 00:01:12'),(45,36,56,'Voluptatem dolores in et non voluptates. Accusamus qui iure dicta omnis. Sit maxime dolorum tempore odio. Aut iusto omnis iste corporis doloribus quas nam sunt.',0,1,'2019-03-14 23:52:48','2021-07-17 00:01:12'),(46,72,91,'Et temporibus enim repellendus qui. Eum unde recusandae possimus et nesciunt. Quas laborum dolores error praesentium. Voluptatem aut et molestiae natus maiores ad. Delectus in vitae reiciendis.',1,1,'2020-11-04 23:12:35','2021-07-17 00:01:12'),(47,37,14,'Non asperiores ipsa dolore fugit ducimus eos. Error nesciunt dignissimos voluptatem. Et vero ut sit nobis at dolores quia. Assumenda consequatur laboriosam qui earum.',0,0,'2012-04-25 02:17:07','2021-07-17 00:01:12'),(48,58,47,'Qui repudiandae repudiandae sint repellendus qui. Odit rerum ut aut officiis iusto omnis nam. Inventore nam alias rem non. Occaecati voluptatem in aut et adipisci modi molestiae.',1,1,'2015-07-07 19:36:54','2021-07-17 00:01:12'),(49,61,63,'Amet recusandae et sit eaque. Itaque qui rerum natus impedit et maxime. Quia architecto et corporis rerum sit autem.',1,1,'2018-06-25 05:43:43','2021-07-17 00:01:12'),(50,32,69,'Reprehenderit eos sapiente illum atque natus quos officia. Quis dolorem eum maiores. Excepturi velit autem reprehenderit qui consequatur numquam.',1,1,'2015-09-12 17:57:52','2021-07-17 00:01:12'),(51,49,38,'Repudiandae dolorem cumque delectus et perferendis dolores dolorum rem. Mollitia eum sint pariatur voluptatem aut. Similique laboriosam ut soluta explicabo.',1,1,'2019-02-21 05:36:15','2021-07-17 00:01:12'),(52,42,95,'Inventore dolorum voluptatem vero velit in. Nulla quis voluptatem est velit odio cupiditate non. Sed quia dolores excepturi dolores consectetur.',0,1,'2018-08-25 19:42:14','2021-07-17 00:01:12'),(53,48,55,'Ut neque in aliquid tenetur corrupti. Impedit optio qui id rem provident. Maxime iste maxime vel eum enim.',0,1,'2020-07-05 00:02:32','2021-07-17 00:01:12'),(54,31,91,'Maxime illum voluptatem quos deserunt et eos. Molestiae aperiam aut aut sed. Qui optio voluptate ullam commodi sapiente. Beatae nam nam officiis sunt ut reprehenderit ex.',0,0,'2019-05-01 09:37:08','2021-07-17 00:01:12'),(55,60,27,'Quia ullam reprehenderit aliquid nulla aperiam a voluptatem. Consequatur ut quis fuga laborum culpa fugit. Inventore a sit tempore qui voluptate et sed.',1,1,'2019-03-04 11:35:37','2021-07-17 00:01:12'),(56,56,96,'Aliquid quia repellendus autem impedit impedit quae dignissimos. Voluptatem expedita quibusdam reiciendis quia. Autem dolores sunt exercitationem dolor provident debitis. Repudiandae dolor perferendis consequatur est qui odio voluptatibus.',1,1,'2019-10-25 16:33:49','2021-07-17 00:01:12'),(57,14,80,'Qui est labore temporibus quis assumenda. Dolor minima dolor non voluptas. Eius aut velit ut dolores rem nostrum.',1,1,'2020-12-18 12:02:08','2021-07-17 00:01:12'),(58,60,56,'Occaecati voluptatibus placeat non. Facere reprehenderit non soluta sunt quia laboriosam. Accusamus exercitationem possimus qui sit eum possimus. Voluptatem excepturi animi ea voluptatibus voluptatem.',1,0,'2013-05-19 16:43:12','2021-07-17 00:01:12'),(59,2,41,'Necessitatibus architecto expedita dolorum eos veniam. Deserunt fugit est veritatis cumque ratione. Quis rem omnis ut ratione.',0,1,'2020-02-13 22:52:17','2021-07-17 00:01:12'),(60,98,67,'Temporibus eum fugit pariatur eum ipsa aut. Aperiam sunt facilis fugit sapiente. Et cumque ut quibusdam id.',1,1,'2016-03-30 14:03:45','2021-07-17 00:01:12'),(61,41,1,'Quas neque et ut non qui earum. Vel aspernatur ut ipsam voluptatem quia. Quo aut deserunt id est.',1,1,'2012-10-21 22:08:41','2021-07-17 00:01:12'),(62,85,18,'Ut omnis sint qui maxime beatae voluptate expedita. Ut repellendus totam iste. Quia saepe doloremque minima natus in eligendi in. Quo odit voluptatem provident officiis iure. Cumque sint quia animi nisi autem ipsum.',1,1,'2019-10-27 06:14:14','2021-07-17 00:01:12'),(63,37,29,'Nostrum ut quas similique at cumque accusantium qui. Eos voluptates omnis voluptatem at. Nam id expedita enim magnam.',1,0,'2017-01-13 19:27:06','2021-07-17 00:01:12'),(64,33,78,'Corporis quia incidunt illum nobis sapiente enim numquam nihil. Et ut aut itaque eveniet praesentium. Cumque totam error blanditiis ea voluptates.',0,1,'2019-11-06 20:57:09','2021-07-17 00:01:12'),(65,90,15,'Est repellat illo nisi libero nemo provident perspiciatis fugiat. Architecto dolor perferendis minus sit. Ullam in quia suscipit ullam alias.',0,1,'2015-09-18 14:51:21','2021-07-17 00:01:12'),(66,6,85,'Debitis qui assumenda nisi reiciendis. Eaque est reprehenderit modi fugiat. Accusantium aut molestias vitae tempora.',0,0,'2016-08-09 08:05:56','2021-07-17 00:01:12'),(67,6,73,'Consequatur impedit sint dolor. Libero non mollitia ut delectus. Autem consequuntur laudantium porro quis laboriosam nesciunt. Et animi inventore quo eaque blanditiis voluptas soluta nihil.',1,0,'2016-11-01 12:41:55','2021-07-17 00:01:12'),(68,46,11,'Aut assumenda nihil est. Iusto ab eaque id nam. Omnis non in autem suscipit voluptatem enim. Rem vitae ut non debitis.',0,0,'2014-10-21 00:16:45','2021-07-17 00:01:12'),(69,19,60,'Nulla et vel rerum corporis quis quae. Voluptatem sunt velit voluptatem ipsa facere. Ducimus quibusdam reiciendis nostrum consequatur veniam asperiores.',1,1,'2016-08-10 12:15:54','2021-07-17 00:01:12'),(70,41,25,'Facilis laboriosam id iste ad eos ducimus. Sed cumque sed illum et consectetur. Delectus ab qui sit facere ex distinctio. Eum et dolor ea qui. Omnis veniam sit dicta perspiciatis.',1,0,'2012-01-07 04:00:47','2021-07-17 00:01:12'),(71,3,37,'Non quo alias vel mollitia necessitatibus id et iste. Dolor at possimus repellendus. Occaecati deserunt et sed debitis eligendi possimus laboriosam voluptatum.',0,1,'2012-09-28 14:54:37','2021-07-17 00:01:12'),(72,77,73,'Voluptatem sed impedit quaerat maiores. Eius ad dicta unde non. Sed ex corporis molestias id voluptatem voluptatem molestias.',0,1,'2018-09-15 13:23:07','2021-07-17 00:01:12'),(73,33,47,'Et omnis est quidem consectetur ducimus. Unde atque incidunt possimus tenetur.',1,0,'2018-12-07 21:46:34','2021-07-17 00:01:12'),(74,33,25,'Fugit veritatis atque neque explicabo et consequatur nesciunt. Tempora ea quo id non beatae id deserunt.',0,1,'2016-11-05 02:37:22','2021-07-17 00:01:12'),(75,25,49,'In voluptas aut repudiandae. Et necessitatibus architecto iste occaecati odit deleniti aliquid nihil. Velit qui quia ut.',1,1,'2011-10-09 22:53:34','2021-07-17 00:01:12'),(76,71,7,'Cumque voluptas minus officia qui ducimus odit. Sint animi sit vero accusamus dolorem. Sint ut esse temporibus iste qui quaerat.',0,0,'2016-04-19 13:08:45','2021-07-17 00:01:12'),(77,20,79,'Perferendis qui molestias ut optio sit reprehenderit. Sequi nesciunt rerum veniam aut. Qui reiciendis nemo provident rerum minus.',1,0,'2021-04-09 20:11:35','2021-07-17 00:01:12'),(78,35,36,'Hic corporis et non perferendis vel repudiandae ducimus. Eum et quod dolorem tenetur. Incidunt vitae provident rerum ea fugit voluptas. Ut quia assumenda libero dolorem.',0,0,'2020-04-22 23:04:03','2021-07-17 00:01:12'),(79,74,61,'A vero consequuntur quisquam quisquam ipsa. Facere perferendis architecto quis. Expedita doloribus est exercitationem provident consequatur.',0,0,'2012-06-03 03:37:58','2021-07-17 00:01:12'),(80,84,34,'Quasi aut debitis inventore. Voluptas qui modi at quisquam consequuntur totam ab.',1,0,'2014-04-09 00:49:19','2021-07-17 00:01:12'),(81,21,1,'Vitae nobis saepe quibusdam cumque voluptatem unde. Ea aut quis fuga aliquid.',0,1,'2018-07-11 13:10:45','2021-07-17 00:01:12'),(82,43,10,'Dolores corrupti ab atque fugit rerum soluta repudiandae consequatur. Magnam totam ipsa vero aspernatur voluptatibus nemo assumenda. Asperiores quas rem cupiditate sed quam omnis facilis.',1,1,'2018-11-19 04:29:56','2021-07-17 00:01:12'),(83,22,80,'Non facilis non ipsa accusamus quam. Quas ratione rerum esse dolor nostrum vero. Ut amet aperiam inventore facere. Soluta cupiditate dolores nulla aut labore harum enim.',1,0,'2015-08-14 04:48:54','2021-07-17 00:01:12'),(84,33,25,'Incidunt occaecati quisquam numquam. Quasi et laboriosam maiores sint dolorem. Repudiandae reiciendis possimus numquam itaque voluptatem omnis necessitatibus. Nulla eaque voluptas voluptas eos nihil.',1,0,'2016-06-06 14:09:04','2021-07-17 00:01:12'),(85,24,46,'Animi reiciendis assumenda consequatur occaecati voluptatem. Vel odio voluptas dolorem repudiandae.',0,0,'2017-04-08 12:16:46','2021-07-17 00:01:12'),(86,56,42,'Et eveniet nihil inventore sint officiis non qui. Est quia voluptates voluptatibus quo voluptate. Eveniet a accusantium eveniet et consequuntur ratione ut.',1,0,'2021-03-08 12:35:44','2021-07-17 00:01:12'),(87,40,74,'Veniam sint veniam est tempore animi deserunt vel. Id nemo dolores eos qui rerum officia. Reiciendis nihil occaecati non tempora omnis. Voluptatum rerum qui et omnis repudiandae.',0,1,'2012-12-30 04:09:33','2021-07-17 00:01:12'),(88,51,32,'Repellendus dolor numquam id est quia aut atque repudiandae. Aut tempore et quaerat ea expedita. Velit nihil at et at.',0,0,'2019-05-07 19:13:45','2021-07-17 00:01:12'),(89,7,40,'Nostrum debitis qui saepe nihil voluptatem sunt. Nam minima quos eos. Laboriosam voluptate mollitia voluptatibus et sunt dolorum molestiae in. At dolor ut eos et et in cupiditate. Officia quos et illum.',0,0,'2020-02-27 12:29:48','2021-07-17 00:01:12'),(90,77,66,'Maiores est iusto natus et quas sequi. Est rerum cumque illum dolorum ducimus eos laudantium quibusdam. Error sit rerum adipisci culpa omnis. Doloribus quis ipsa nobis iste et consectetur.',0,1,'2017-01-11 03:00:35','2021-07-17 00:01:12'),(91,97,85,'Vero et blanditiis officiis libero animi saepe officia. Nesciunt reprehenderit rerum distinctio voluptas sint rem. Cupiditate et quaerat ipsa illo corrupti incidunt.',1,0,'2017-10-26 10:55:30','2021-07-17 00:01:12'),(92,36,25,'Consequatur numquam et numquam consequatur aliquam repellat magni. Rem ut assumenda ducimus voluptates.',0,0,'2016-11-28 21:26:41','2021-07-17 00:01:12'),(93,17,7,'Quo ea suscipit rem qui nihil animi adipisci. Officia et nobis aut porro. Exercitationem nisi velit quis eum unde temporibus.',1,1,'2015-02-17 23:13:16','2021-07-17 00:01:12'),(94,86,6,'Magnam voluptates voluptatum maxime alias sapiente autem. Sed est dolorum consequatur magni.',1,0,'2013-03-12 21:04:51','2021-07-17 00:01:12'),(95,75,53,'Deleniti labore quam omnis qui. Nostrum officia quisquam id voluptatum tempore. Odio alias vero officiis nemo deleniti accusantium dolore.',1,1,'2015-08-08 01:25:40','2021-07-17 00:01:12'),(96,41,46,'Laudantium voluptatem enim sit distinctio voluptas ex omnis. Exercitationem est id ullam et et.',0,1,'2011-10-04 15:34:32','2021-07-17 00:01:12'),(97,5,86,'Odio quia qui nesciunt quas ea sit. Quia hic non aut odit illo cum voluptas. Aperiam dicta ullam quia dolor doloremque maxime sed. Debitis sed ratione quibusdam est accusantium.',1,0,'2013-02-21 02:27:47','2021-07-17 00:01:12'),(98,17,27,'Est facere eos deleniti asperiores. Nihil veniam est ducimus soluta eum.',1,1,'2016-02-05 17:38:14','2021-07-17 00:01:12'),(99,81,25,'Soluta totam qui asperiores possimus rem incidunt. Sint sit est qui et maiores facilis impedit. Dolorem fugit veritatis quis voluptatem tenetur mollitia.',0,0,'2014-03-27 02:35:07','2021-07-17 00:01:12'),(100,80,27,'Vitae odio est quia et eaque veritatis modi. Odit libero aliquid architecto iusto. Quidem deleniti aut voluptate eum. In vero placeat ut.',1,1,'2017-02-23 08:18:11','2021-07-17 00:01:12');
/*!40000 ALTER TABLE `messages` ENABLE KEYS */;
UNLOCK TABLES;

--
-- Table structure for table `photo`
--

DROP TABLE IF EXISTS `photo`;
/*!40101 SET @saved_cs_client     = @@character_set_client */;
/*!50503 SET character_set_client = utf8mb4 */;
CREATE TABLE `photo` (
  `id` int unsigned NOT NULL AUTO_INCREMENT,
  `album_id` int unsigned NOT NULL,
  `media_id` int unsigned NOT NULL,
  `created_at` datetime DEFAULT CURRENT_TIMESTAMP,
  `updated_at` datetime DEFAULT CURRENT_TIMESTAMP,
  PRIMARY KEY (`id`),
  KEY `photo_photo_album_id_fk` (`album_id`),
  KEY `photo_media_id_fk` (`media_id`),
  CONSTRAINT `photo_media_id_fk` FOREIGN KEY (`media_id`) REFERENCES `media` (`id`) ON DELETE CASCADE,
  CONSTRAINT `photo_photo_album_id_fk` FOREIGN KEY (`album_id`) REFERENCES `photo_album` (`id`) ON DELETE CASCADE
) ENGINE=InnoDB AUTO_INCREMENT=101 DEFAULT CHARSET=utf8mb4 COLLATE=utf8mb4_unicode_ci;
/*!40101 SET character_set_client = @saved_cs_client */;

--
-- Dumping data for table `photo`
--

LOCK TABLES `photo` WRITE;
/*!40000 ALTER TABLE `photo` DISABLE KEYS */;
INSERT INTO `photo` VALUES (1,47,93,'2021-07-16 23:21:33','2021-07-16 23:22:18'),(2,24,42,'2021-07-16 23:21:33','2021-07-16 23:22:18'),(3,34,47,'2021-07-16 23:21:33','2021-07-16 23:22:18'),(4,29,6,'2021-07-16 23:21:33','2021-07-16 23:22:18'),(5,41,86,'2021-07-16 23:21:33','2021-07-16 23:22:18'),(6,7,78,'2021-07-16 23:21:33','2021-07-16 23:22:18'),(7,68,7,'2021-07-16 23:21:33','2021-07-16 23:22:18'),(8,28,20,'2021-07-16 23:21:33','2021-07-16 23:22:18'),(9,16,17,'2021-07-16 23:21:33','2021-07-16 23:22:18'),(10,37,36,'2021-07-16 23:21:33','2021-07-16 23:22:18'),(11,67,25,'2021-07-16 23:21:33','2021-07-16 23:22:18'),(12,26,54,'2021-07-16 23:21:33','2021-07-16 23:22:18'),(13,90,89,'2021-07-16 23:21:33','2021-07-16 23:22:18'),(14,74,2,'2021-07-16 23:21:33','2021-07-16 23:22:18'),(15,87,30,'2021-07-16 23:21:33','2021-07-16 23:22:18'),(16,88,51,'2021-07-16 23:21:33','2021-07-16 23:22:18'),(17,88,89,'2021-07-16 23:21:33','2021-07-16 23:22:18'),(18,78,24,'2021-07-16 23:21:33','2021-07-16 23:22:18'),(19,85,53,'2021-07-16 23:21:33','2021-07-16 23:22:18'),(20,8,81,'2021-07-16 23:21:33','2021-07-16 23:22:18'),(21,80,57,'2021-07-16 23:21:33','2021-07-16 23:22:18'),(22,44,50,'2021-07-16 23:21:33','2021-07-16 23:22:18'),(23,15,24,'2021-07-16 23:21:33','2021-07-16 23:22:18'),(24,78,15,'2021-07-16 23:21:33','2021-07-16 23:22:18'),(25,41,60,'2021-07-16 23:21:33','2021-07-16 23:22:18'),(26,76,98,'2021-07-16 23:21:33','2021-07-16 23:22:18'),(27,63,19,'2021-07-16 23:21:33','2021-07-16 23:22:18'),(28,6,73,'2021-07-16 23:21:33','2021-07-16 23:22:18'),(29,45,8,'2021-07-16 23:21:33','2021-07-16 23:22:18'),(30,4,93,'2021-07-16 23:21:33','2021-07-16 23:22:18'),(31,55,95,'2021-07-16 23:21:33','2021-07-16 23:22:18'),(32,9,61,'2021-07-16 23:21:33','2021-07-16 23:22:18'),(33,76,97,'2021-07-16 23:21:33','2021-07-16 23:22:18'),(34,58,95,'2021-07-16 23:21:33','2021-07-16 23:22:18'),(35,4,32,'2021-07-16 23:21:33','2021-07-16 23:22:18'),(36,47,41,'2021-07-16 23:21:33','2021-07-16 23:22:18'),(37,60,80,'2021-07-16 23:21:33','2021-07-16 23:22:18'),(38,18,48,'2021-07-16 23:21:33','2021-07-16 23:22:18'),(39,86,84,'2021-07-16 23:21:33','2021-07-16 23:22:18'),(40,64,65,'2021-07-16 23:21:33','2021-07-16 23:22:18'),(41,33,71,'2021-07-16 23:21:33','2021-07-16 23:22:18'),(42,55,60,'2021-07-16 23:21:33','2021-07-16 23:22:18'),(43,36,100,'2021-07-16 23:21:33','2021-07-16 23:22:18'),(44,93,62,'2021-07-16 23:21:33','2021-07-16 23:22:18'),(45,31,68,'2021-07-16 23:21:33','2021-07-16 23:22:18'),(46,48,33,'2021-07-16 23:21:33','2021-07-16 23:22:18'),(47,21,5,'2021-07-16 23:21:33','2021-07-16 23:22:18'),(48,62,94,'2021-07-16 23:21:33','2021-07-16 23:22:18'),(49,85,42,'2021-07-16 23:21:33','2021-07-16 23:22:18'),(50,52,36,'2021-07-16 23:21:33','2021-07-16 23:22:18'),(51,23,8,'2021-07-16 23:21:33','2021-07-16 23:22:18'),(52,71,29,'2021-07-16 23:21:33','2021-07-16 23:22:18'),(53,30,64,'2021-07-16 23:21:33','2021-07-16 23:22:18'),(54,27,46,'2021-07-16 23:21:33','2021-07-16 23:22:18'),(55,46,92,'2021-07-16 23:21:33','2021-07-16 23:22:18'),(56,23,39,'2021-07-16 23:21:33','2021-07-16 23:22:18'),(57,26,10,'2021-07-16 23:21:33','2021-07-16 23:22:18'),(58,74,37,'2021-07-16 23:21:33','2021-07-16 23:22:18'),(59,64,7,'2021-07-16 23:21:33','2021-07-16 23:22:18'),(60,43,94,'2021-07-16 23:21:33','2021-07-16 23:22:18'),(61,42,26,'2021-07-16 23:21:33','2021-07-16 23:22:18'),(62,6,49,'2021-07-16 23:21:33','2021-07-16 23:22:18'),(63,27,86,'2021-07-16 23:21:33','2021-07-16 23:22:18'),(64,50,91,'2021-07-16 23:21:33','2021-07-16 23:22:18'),(65,4,49,'2021-07-16 23:21:33','2021-07-16 23:22:18'),(66,31,8,'2021-07-16 23:21:33','2021-07-16 23:22:18'),(67,46,4,'2021-07-16 23:21:33','2021-07-16 23:22:18'),(68,84,7,'2021-07-16 23:21:33','2021-07-16 23:22:18'),(69,82,89,'2021-07-16 23:21:33','2021-07-16 23:22:18'),(70,96,16,'2021-07-16 23:21:33','2021-07-16 23:22:18'),(71,89,99,'2021-07-16 23:21:33','2021-07-16 23:22:18'),(72,25,28,'2021-07-16 23:21:33','2021-07-16 23:22:18'),(73,63,31,'2021-07-16 23:21:33','2021-07-16 23:22:18'),(74,65,33,'2021-07-16 23:21:33','2021-07-16 23:22:18'),(75,69,45,'2021-07-16 23:21:33','2021-07-16 23:22:18'),(76,16,45,'2021-07-16 23:21:33','2021-07-16 23:22:18'),(77,77,48,'2021-07-16 23:21:33','2021-07-16 23:22:18'),(78,11,8,'2021-07-16 23:21:33','2021-07-16 23:22:18'),(79,6,7,'2021-07-16 23:21:33','2021-07-16 23:22:18'),(80,14,51,'2021-07-16 23:21:33','2021-07-16 23:22:18'),(81,12,7,'2021-07-16 23:21:33','2021-07-16 23:22:18'),(82,100,76,'2021-07-16 23:21:33','2021-07-16 23:22:18'),(83,81,77,'2021-07-16 23:21:33','2021-07-16 23:22:18'),(84,42,76,'2021-07-16 23:21:33','2021-07-16 23:22:18'),(85,54,41,'2021-07-16 23:21:33','2021-07-16 23:22:18'),(86,42,87,'2021-07-16 23:21:33','2021-07-16 23:22:18'),(87,9,82,'2021-07-16 23:21:33','2021-07-16 23:22:18'),(88,82,65,'2021-07-16 23:21:33','2021-07-16 23:22:18'),(89,80,4,'2021-07-16 23:21:33','2021-07-16 23:22:18'),(90,79,81,'2021-07-16 23:21:33','2021-07-16 23:22:18'),(91,70,7,'2021-07-16 23:21:33','2021-07-16 23:22:18'),(92,24,99,'2021-07-16 23:21:33','2021-07-16 23:22:18'),(93,22,12,'2021-07-16 23:21:33','2021-07-16 23:22:18'),(94,94,32,'2021-07-16 23:21:33','2021-07-16 23:22:18'),(95,80,4,'2021-07-16 23:21:33','2021-07-16 23:22:18'),(96,79,84,'2021-07-16 23:21:33','2021-07-16 23:22:18'),(97,80,47,'2021-07-16 23:21:33','2021-07-16 23:22:18'),(98,94,29,'2021-07-16 23:21:33','2021-07-16 23:22:18'),(99,65,35,'2021-07-16 23:21:33','2021-07-16 23:22:18'),(100,80,95,'2021-07-16 23:21:33','2021-07-16 23:22:18');
/*!40000 ALTER TABLE `photo` ENABLE KEYS */;
UNLOCK TABLES;

--
-- Table structure for table `photo_album`
--

DROP TABLE IF EXISTS `photo_album`;
/*!40101 SET @saved_cs_client     = @@character_set_client */;
/*!50503 SET character_set_client = utf8mb4 */;
CREATE TABLE `photo_album` (
  `id` int unsigned NOT NULL AUTO_INCREMENT,
  `user_id` int unsigned NOT NULL,
  `name` varchar(150) CHARACTER SET utf8mb4 COLLATE utf8mb4_unicode_ci NOT NULL,
  `created_at` datetime DEFAULT CURRENT_TIMESTAMP,
  `updated_at` datetime DEFAULT CURRENT_TIMESTAMP ON UPDATE CURRENT_TIMESTAMP,
  PRIMARY KEY (`id`),
  UNIQUE KEY `name` (`name`),
  KEY `photo_album_user_id_fk` (`user_id`),
  CONSTRAINT `photo_album_user_id_fk` FOREIGN KEY (`user_id`) REFERENCES `users` (`id`) ON DELETE CASCADE
) ENGINE=InnoDB AUTO_INCREMENT=101 DEFAULT CHARSET=utf8mb4 COLLATE=utf8mb4_unicode_ci;
/*!40101 SET character_set_client = @saved_cs_client */;

--
-- Dumping data for table `photo_album`
--

LOCK TABLES `photo_album` WRITE;
/*!40000 ALTER TABLE `photo_album` DISABLE KEYS */;
INSERT INTO `photo_album` VALUES (1,86,'doloremque','2021-06-20 07:15:59','2021-07-16 23:01:55'),(2,57,'totam','2017-09-13 01:57:23','2021-07-16 23:01:55'),(3,26,'et','2012-06-17 04:10:37','2021-07-16 23:01:55'),(4,58,'sint','2017-05-26 13:04:47','2021-07-16 23:01:55'),(5,13,'animi','2017-10-26 08:02:40','2021-07-16 23:01:55'),(6,92,'quos','2017-09-04 15:05:22','2021-07-16 23:01:55'),(7,17,'nulla','2021-02-27 16:44:15','2021-07-16 23:01:55'),(8,11,'hic','2018-02-15 15:26:40','2021-07-16 23:01:55'),(9,5,'accusamus','2014-06-25 23:18:28','2021-07-16 23:01:55'),(10,90,'vitae','2017-08-30 20:41:49','2021-07-16 23:01:55'),(11,34,'mollitia','2019-11-19 19:11:29','2021-07-16 23:01:55'),(12,98,'quis','2013-10-05 06:24:38','2021-07-16 23:01:55'),(13,90,'quo','2016-04-21 19:11:16','2021-07-16 23:01:55'),(14,56,'temporibus','2021-05-11 23:30:06','2021-07-16 23:01:55'),(15,9,'ea','2020-12-21 20:18:16','2021-07-16 23:01:55'),(16,74,'asperiores','2015-07-20 23:24:11','2021-07-16 23:01:55'),(17,44,'deserunt','2017-08-20 14:02:41','2021-07-16 23:01:55'),(18,99,'iste','2014-04-29 19:54:30','2021-07-16 23:01:55'),(19,63,'aliquam','2014-09-15 17:24:26','2021-07-16 23:01:55'),(20,17,'labore','2012-11-15 00:46:37','2021-07-16 23:01:55'),(21,94,'consequatur','2016-01-02 02:10:30','2021-07-16 23:01:55'),(22,19,'amet','2014-12-28 15:44:22','2021-07-16 23:01:55'),(23,14,'sed','2021-05-05 07:16:33','2021-07-16 23:01:55'),(24,12,'magni','2015-12-19 01:08:05','2021-07-16 23:01:55'),(25,16,'explicabo','2015-03-16 17:50:28','2021-07-16 23:01:55'),(26,45,'rerum','2012-10-15 12:31:01','2021-07-16 23:01:55'),(27,76,'eligendi','2019-03-11 21:07:30','2021-07-16 23:01:55'),(28,43,'itaque','2017-07-16 05:41:14','2021-07-16 23:01:55'),(29,88,'voluptatem','2016-03-06 04:16:19','2021-07-16 23:01:55'),(30,12,'odit','2013-06-25 16:39:04','2021-07-16 23:01:55'),(31,93,'qui','2012-11-23 15:34:04','2021-07-16 23:01:55'),(32,28,'aliquid','2012-01-24 06:40:19','2021-07-16 23:01:55'),(33,60,'fugiat','2018-11-10 15:07:10','2021-07-16 23:01:55'),(34,15,'ipsam','2018-09-17 23:14:44','2021-07-16 23:01:55'),(35,95,'minus','2018-11-28 05:02:25','2021-07-16 23:01:55'),(36,28,'nisi','2018-09-17 03:07:10','2021-07-16 23:01:55'),(37,58,'odio','2020-06-20 05:01:54','2021-07-16 23:01:55'),(38,3,'autem','2017-01-26 09:55:12','2021-07-16 23:01:55'),(39,41,'nihil','2017-09-09 09:16:41','2021-07-16 23:01:55'),(40,94,'placeat','2017-12-23 01:44:44','2021-07-16 23:01:55'),(41,50,'aspernatur','2019-12-12 13:38:09','2021-07-16 23:01:55'),(42,64,'quam','2019-05-13 22:24:12','2021-07-16 23:01:55'),(43,70,'aut','2017-07-04 09:00:24','2021-07-16 23:01:55'),(44,59,'porro','2019-09-21 03:15:10','2021-07-16 23:01:55'),(45,84,'consequuntur','2012-02-16 01:54:57','2021-07-16 23:01:55'),(46,43,'ut','2015-10-06 15:01:50','2021-07-16 23:01:55'),(47,64,'sit','2016-10-04 15:12:26','2021-07-16 23:01:55'),(48,88,'velit','2019-03-10 23:32:08','2021-07-16 23:01:55'),(49,49,'nesciunt','2014-09-06 22:41:16','2017-09-08 08:57:47'),(50,79,'optio','2013-07-29 22:32:34','2021-07-16 23:01:55'),(51,47,'incidunt','2012-06-28 09:27:16','2021-07-16 23:01:55'),(52,97,'ratione','2016-01-31 21:41:00','2021-07-16 23:01:55'),(53,42,'iusto','2015-03-16 14:11:58','2021-07-16 23:01:55'),(54,22,'ipsum','2014-06-14 22:49:47','2021-07-16 23:01:55'),(55,81,'corporis','2016-02-27 01:33:54','2021-07-16 23:01:55'),(56,37,'praesentium','2017-09-13 02:06:01','2021-07-16 23:01:55'),(57,45,'voluptate','2014-02-16 22:19:41','2021-07-16 23:01:55'),(58,11,'vel','2013-07-16 12:32:17','2021-07-16 23:01:55'),(59,22,'tempore','2021-01-29 08:33:29','2021-07-16 23:01:55'),(60,77,'occaecati','2019-09-24 09:15:16','2021-07-16 23:01:55'),(61,19,'officiis','2012-08-07 09:30:42','2021-07-16 23:01:55'),(62,62,'repudiandae','2019-08-04 14:10:42','2020-10-12 08:45:41'),(63,51,'dolores','2012-12-18 12:13:28','2021-07-16 23:01:55'),(64,69,'sequi','2013-08-08 15:31:41','2021-07-16 23:01:55'),(65,93,'molestiae','2014-06-20 16:58:33','2021-07-16 23:01:55'),(66,55,'laudantium','2016-08-22 17:45:55','2021-07-16 23:01:55'),(67,97,'quibusdam','2012-08-03 06:46:35','2021-07-16 23:01:55'),(68,17,'dolorem','2015-11-22 13:19:14','2021-07-16 23:01:55'),(69,97,'est','2014-01-29 19:32:08','2021-07-16 23:01:55'),(70,32,'cumque','2020-01-22 14:05:09','2021-07-16 23:01:55'),(71,69,'maxime','2014-03-16 08:17:21','2021-07-16 23:01:55'),(72,47,'commodi','2016-02-24 05:14:08','2021-07-16 23:01:55'),(73,27,'error','2019-07-25 18:02:39','2021-07-16 23:01:55'),(74,93,'at','2014-09-06 03:22:07','2021-07-16 23:01:55'),(75,85,'adipisci','2020-06-10 06:09:12','2021-07-16 23:01:55'),(76,46,'eveniet','2017-10-08 22:47:32','2021-07-16 23:01:55'),(77,72,'fuga','2019-03-19 12:54:29','2021-07-16 23:01:55'),(78,25,'id','2017-03-16 14:26:17','2021-07-16 23:01:55'),(79,6,'suscipit','2018-04-02 08:24:14','2021-07-16 23:01:55'),(80,55,'eos','2013-11-22 05:42:12','2021-07-16 23:01:55'),(81,58,'voluptas','2019-11-28 13:14:11','2021-07-16 23:01:55'),(82,24,'eius','2015-11-29 15:29:05','2021-07-16 23:01:55'),(83,44,'illo','2014-07-17 02:56:36','2021-07-16 23:01:55'),(84,48,'omnis','2015-02-04 05:26:46','2021-07-16 23:01:55'),(85,9,'quia','2012-03-24 04:44:36','2021-07-16 23:01:55'),(86,100,'provident','2017-10-21 00:26:27','2021-07-16 23:01:55'),(87,73,'earum','2011-12-20 20:12:58','2021-07-16 23:01:55'),(88,62,'enim','2015-03-19 06:13:29','2021-07-16 23:01:55'),(89,93,'blanditiis','2018-10-20 01:20:10','2021-07-16 23:01:55'),(90,79,'rem','2012-12-24 14:44:22','2021-07-16 23:01:55'),(91,14,'non','2014-12-13 16:33:42','2021-07-16 23:01:55'),(92,34,'magnam','2014-02-07 07:26:48','2021-07-16 23:01:55'),(93,26,'quaerat','2017-04-19 15:30:55','2021-07-16 23:01:55'),(94,28,'fugit','2019-10-12 22:03:59','2021-07-16 23:01:55'),(95,62,'ad','2016-07-21 11:01:29','2021-07-16 23:01:55'),(96,24,'nostrum','2020-08-05 03:08:14','2021-07-16 23:01:55'),(97,32,'cupiditate','2019-07-19 17:56:03','2021-07-16 23:01:55'),(98,91,'nobis','2021-04-22 14:54:56','2021-07-16 23:01:55'),(99,58,'dicta','2013-01-24 02:16:02','2021-07-16 23:01:55'),(100,15,'voluptatum','2017-08-24 21:38:30','2021-07-16 23:01:55');
/*!40000 ALTER TABLE `photo_album` ENABLE KEYS */;
UNLOCK TABLES;

--
-- Table structure for table `posts`
--

DROP TABLE IF EXISTS `posts`;
/*!40101 SET @saved_cs_client     = @@character_set_client */;
/*!50503 SET character_set_client = utf8mb4 */;
CREATE TABLE `posts` (
  `id` int unsigned NOT NULL AUTO_INCREMENT,
  `user_id` int unsigned NOT NULL,
  `community_id` int unsigned NOT NULL,
  `head` varchar(255) CHARACTER SET utf8mb4 COLLATE utf8mb4_unicode_ci DEFAULT NULL,
  `body` text CHARACTER SET utf8mb4 COLLATE utf8mb4_unicode_ci NOT NULL,
  `media_id` int unsigned DEFAULT NULL,
  `is_public` tinyint(1) DEFAULT '1',
  `is_archived` tinyint(1) DEFAULT '0',
  `created_at` datetime DEFAULT CURRENT_TIMESTAMP,
  `updated_at` datetime DEFAULT CURRENT_TIMESTAMP ON UPDATE CURRENT_TIMESTAMP,
  PRIMARY KEY (`id`),
  KEY `posts_user_id_fk` (`user_id`),
  KEY `posts_community_id_fk` (`community_id`),
  KEY `posts_media_id_fk` (`media_id`),
  CONSTRAINT `posts_community_id_fk` FOREIGN KEY (`community_id`) REFERENCES `communities` (`id`) ON DELETE CASCADE,
  CONSTRAINT `posts_media_id_fk` FOREIGN KEY (`media_id`) REFERENCES `media` (`id`) ON DELETE SET NULL,
  CONSTRAINT `posts_user_id_fk` FOREIGN KEY (`user_id`) REFERENCES `users` (`id`) ON DELETE CASCADE
) ENGINE=InnoDB AUTO_INCREMENT=101 DEFAULT CHARSET=utf8mb4 COLLATE=utf8mb4_unicode_ci;
/*!40101 SET character_set_client = @saved_cs_client */;

--
-- Dumping data for table `posts`
--

LOCK TABLES `posts` WRITE;
/*!40000 ALTER TABLE `posts` DISABLE KEYS */;
INSERT INTO `posts` VALUES (1,95,28,'Est in omnis maiores quo soluta. Beatae et sunt consequatur. Enim excepturi reprehenderit quis necessitatibus.','Velit unde ut consectetur omnis eveniet minus est. Maiores amet soluta autem occaecati voluptatum quas impedit. Minus atque consequuntur itaque. Ut molestiae nostrum aut et.',73,1,0,'2013-05-11 23:30:20','2021-07-17 00:09:19'),(2,90,10,'Cupiditate natus ea eum. Perspiciatis dolorum perferendis vitae modi autem architecto in. Natus adipisci fugit eius repellat magnam.','Eveniet qui velit ea. Quod et tempore dolor pariatur. Veritatis illo possimus velit dolores ratione maiores. Id veritatis necessitatibus aut dolor.',90,1,1,'2017-01-06 20:29:44','2021-07-17 00:09:19'),(3,53,28,'Sequi assumenda non voluptatem perspiciatis molestiae nisi mollitia quaerat. Neque vel eos rerum explicabo qui velit. Et ut a sed sequi iste est velit occaecati. Nam laborum libero et est.','Labore fugiat qui laudantium nisi est. Quo fugiat et possimus vel. Illo aut recusandae vero voluptas.',3,0,0,'2018-11-20 11:35:08','2021-07-17 00:09:19'),(4,39,25,'Voluptate corrupti reprehenderit est quo repellendus. Quia aut delectus qui hic praesentium. Illum commodi doloremque repellendus aut ea sequi repellendus pariatur. Consequatur ab qui quibusdam perferendis vel fuga sint.','Quo molestiae eius fugit rerum. Molestiae aliquam unde in sed ad labore laboriosam voluptatem. Repudiandae dolorum sit rerum recusandae dolor. Omnis eum sit delectus assumenda et.',2,1,1,'2013-10-25 10:01:59','2021-07-17 00:09:19'),(5,57,24,'Cum corporis nobis porro mollitia. Molestiae et totam voluptatibus omnis. Harum id nam maiores voluptate. Est hic enim aliquam eum ad.','Quo et quia facilis non natus ut ut. Accusamus fugiat dolores fugiat ut laudantium sint. Accusamus totam optio sint dolor consequuntur quia voluptatem. Recusandae omnis ipsam nam rerum laborum sed.',24,0,1,'2016-03-05 12:34:46','2021-07-17 00:09:19'),(6,83,13,'Ullam dolores vel excepturi eveniet. Sit odio eum harum non expedita minima. Nostrum et nesciunt voluptas.','Exercitationem optio sunt inventore ea sit est. Fuga vero commodi delectus. Quo laudantium libero quia ut et. Nihil optio itaque ratione tempore id.',54,1,0,'2018-04-19 21:43:21','2021-07-17 00:09:19'),(7,49,25,'Tempora velit autem corporis consectetur. Tempora quibusdam sint et. Vel soluta earum enim.','Est voluptatem minus dolor placeat distinctio. Magnam repellendus nam aliquid consequatur. Rem quisquam est incidunt cumque dolorum voluptatem eaque.',70,0,0,'2020-08-23 12:48:46','2021-07-17 00:09:19'),(8,98,24,'Amet incidunt voluptatem dolorem. Corporis id ea eligendi aut. Est nihil ut eaque omnis accusantium. Sed beatae aut at magnam.','Aut deserunt consequatur tempora ducimus voluptate. Aliquid eius magnam facilis ipsum. Architecto nam dolores odio dignissimos.',95,0,1,'2019-05-24 08:23:21','2021-07-17 00:09:19'),(9,41,7,'Facilis voluptate quia tempora sit porro qui omnis. Quo eum dolorem enim ut soluta. Tempora sint sit dolor quia omnis aut reiciendis consequatur.','Accusamus id vitae in labore ut dignissimos eum. Qui impedit ut sit cum. Atque eveniet inventore debitis nam.',80,0,1,'2021-04-21 14:15:38','2021-07-17 00:09:19'),(10,37,13,'Ex consequuntur et suscipit nesciunt. Sed vel eum expedita voluptate. Iusto et iusto consequatur voluptas perferendis commodi iure. Aut quis dicta quia voluptatem.','Asperiores voluptatem labore dicta architecto ut illum. In rem ea velit voluptate et harum. Ut non veniam ut reprehenderit perferendis.',7,1,0,'2020-07-26 15:50:27','2021-07-17 00:09:19'),(11,4,30,'Culpa voluptatibus aperiam non. Non non dolorem impedit ea labore numquam. Eveniet assumenda sunt in consectetur necessitatibus tempora. Quia incidunt quasi ad voluptas asperiores quae.','Vero sequi optio perferendis deleniti reprehenderit et ullam eligendi. Ullam praesentium delectus illum. Voluptatum recusandae quisquam eos ex in eaque.',74,1,1,'2021-06-18 22:54:39','2021-07-17 00:09:19'),(12,79,22,'Sit officiis nisi a. Architecto non porro architecto id consequatur autem in. Ducimus blanditiis iusto aliquid delectus ducimus rem.','Natus ratione dolorum voluptatem quia numquam. Quia culpa eius fuga at consequatur ut. At maiores ratione aperiam. Soluta sit quae sed voluptate veritatis perspiciatis.',22,1,1,'2015-07-16 11:46:28','2021-07-17 00:09:19'),(13,96,3,'Sequi et fugiat magnam ad. Aut ipsa dolores sapiente eius voluptatem deserunt qui. Quam blanditiis nulla veniam dolor et ea nemo. Nam non sunt assumenda qui.','Voluptatum dolores placeat omnis voluptatibus accusamus. Autem tempora molestias minus necessitatibus atque animi et. Eveniet voluptatem quis eos reprehenderit.',63,1,1,'2014-07-19 14:36:24','2021-07-17 00:09:19'),(14,85,11,'Sed quas possimus eaque quod. Temporibus ea quam velit molestias in perferendis rerum perspiciatis.','Aspernatur quasi et itaque illo ducimus dolor. Et voluptas sit esse quasi dolores aut itaque perferendis. Praesentium aliquam eos omnis modi. Error sunt earum architecto est.',20,0,0,'2011-12-20 20:11:42','2021-07-17 00:09:19'),(15,95,5,'Temporibus possimus modi nemo saepe repellendus eius voluptas. Nobis reprehenderit dolores et quas quia nemo. Sint quod rerum modi officia nostrum nihil molestiae. Nemo doloremque sed omnis qui repellat esse quisquam.','Quos omnis harum occaecati dolor eaque illum. Aut voluptas quia est odio vel. Ullam voluptatem in fugit labore iusto consequuntur.',91,1,1,'2015-04-25 00:57:08','2021-07-17 00:09:19'),(16,7,19,'Ut mollitia aspernatur sint totam officiis at architecto. Deleniti magnam eos velit culpa aut. Neque eum consequatur consectetur aliquam quis dolor nemo. Natus ea et modi quis sed quis aliquid.','Et iusto corporis aut culpa deleniti. Quos iusto aut earum doloribus et maxime. Nihil autem id dicta sapiente ducimus ea.\nNobis nisi est blanditiis illum. Voluptatem minus nostrum aut hic.',88,1,0,'2013-08-16 08:35:43','2021-07-17 00:09:19'),(17,52,29,'Vel est facere ea ea iusto labore et. Dolores officiis veritatis sunt consectetur labore aut. Repellat omnis adipisci rerum consequatur facere molestias.','Dignissimos qui rem qui at magnam. Quo assumenda explicabo voluptas enim tempora at sit occaecati. Aut assumenda autem quia nisi sit.',28,0,0,'2015-02-16 15:30:00','2021-07-17 00:09:19'),(18,47,16,'Commodi quae unde et et numquam doloribus nihil voluptas. Deleniti dolor in at iusto porro officia perferendis. Earum molestiae tempora maiores cupiditate veritatis quia.','Et exercitationem molestiae odio temporibus sit. Autem dolorem dolorum consequatur laudantium quod dolor. Error mollitia quisquam qui dolor. Et ipsam voluptatem iure est.',12,0,1,'2019-06-17 06:30:00','2021-07-17 00:09:19'),(19,7,1,'Consectetur qui molestias et et. Illo vitae aut eius odit itaque. Hic alias autem officiis voluptates corporis labore nesciunt.','Autem illum maiores hic aperiam. Sed atque deleniti quas sed voluptatem odio. Natus et accusamus fugit nulla odio aut et. Incidunt voluptatum eos quidem explicabo.',81,0,1,'2018-02-04 05:10:29','2021-07-17 00:09:19'),(20,3,22,'Id dolor quam voluptas sequi dolores quis dolorem. Non dolores et possimus eaque sed. Ut tempore pariatur sint consequatur corporis. Quibusdam facilis non quia rerum enim.','Ipsa enim id et ad qui quos. Tempore voluptatem perferendis repudiandae voluptas. Eos consectetur et eveniet eaque sed. Neque inventore nulla rem quod repellendus.',49,1,0,'2019-06-15 19:50:34','2021-07-17 00:09:19'),(21,29,30,'Dolor doloremque sapiente veniam officiis pariatur voluptatem reiciendis. Eaque nam tenetur dolores earum consequatur est. Cupiditate eum provident sint deleniti quia.','Aut incidunt vel voluptates totam aut iste. Quia accusamus at voluptatem non ullam. Sed aut totam qui quaerat architecto.',6,1,1,'2013-02-01 04:45:57','2021-07-17 00:09:19'),(22,31,11,'Nobis ea vitae est et fugit sit. Fugiat ut error esse odit. Porro aperiam deserunt quam consequatur ex et libero. Qui sint iure iure ut quasi labore.','Incidunt omnis debitis quo quod quia autem beatae. Consequatur aut iure corporis nisi veniam. Quae officia cupiditate rerum maiores veritatis est.',92,0,0,'2014-08-27 21:47:45','2021-07-17 00:09:19'),(23,48,19,'Reiciendis ipsam quia est et id sapiente. Ad dolorem necessitatibus dolores. Officia fugiat non quidem consequatur qui. Et dolores eaque aut voluptate repellendus repudiandae debitis.','Hic sunt at quia magnam quod. Repellat ullam maiores quaerat. Nesciunt itaque aliquam voluptatem quaerat tenetur qui maxime est. Autem eum impedit labore id.',73,1,0,'2012-07-15 11:07:21','2021-07-17 00:09:19'),(24,73,15,'Dolores natus aliquam soluta aliquid non. Et tempora et et quisquam deleniti. Error deleniti officiis minus.','Repellat blanditiis voluptatum similique beatae commodi distinctio omnis cumque. Dolorem neque dolorem amet voluptatibus cupiditate.',17,1,1,'2013-12-25 02:58:10','2021-07-17 00:09:19'),(25,41,16,'Ab enim quae quas. Libero voluptatum velit beatae nostrum.','Nihil ab impedit officiis repellat eligendi commodi sint. Nostrum eius ut mollitia et cupiditate vel nisi. Voluptatibus molestiae dolor dolores quia et.',42,1,0,'2016-02-10 07:31:04','2021-07-17 00:09:19'),(26,51,8,'Error magni qui labore quia illo. Illo sunt praesentium ut et. Voluptatem nemo voluptatem ullam voluptate corporis.','Quo quia illo dolores accusantium voluptatem veniam porro nam. Et ut occaecati occaecati impedit assumenda sint. Quo omnis numquam quasi odio quo nam debitis. Velit sequi quia dolores ut.',83,0,1,'2015-10-10 18:53:56','2021-07-17 00:09:19'),(27,33,5,'Et consequatur sunt labore est aut. Et sapiente nihil voluptatem voluptatem est nesciunt sapiente.','Qui incidunt illum ducimus qui. Asperiores qui suscipit et nihil ut in vero suscipit. In reprehenderit quasi ea sed sapiente nihil.',76,0,1,'2013-04-20 06:18:11','2021-07-17 00:09:19'),(28,33,12,'Sed quos et aut culpa. Alias voluptatibus cumque et asperiores in et labore deleniti. Quam et laudantium fugit aliquid exercitationem. Et amet optio odit. Minima distinctio vel aut sed laudantium.','Alias sit est nobis officiis qui eligendi. Iste ducimus labore eum fugiat unde autem sint.\nPerspiciatis aliquam placeat qui expedita sequi expedita amet saepe. Cum adipisci illo ut aut numquam.',92,1,1,'2013-10-14 22:54:39','2021-07-17 00:09:19'),(29,45,15,'Ut impedit consectetur voluptatem distinctio. Dolore dolores dolorem fugit. Magnam et fugit blanditiis quos et.','Reprehenderit error consequatur eveniet quia qui libero repellendus. Ut dolor ducimus explicabo quas maiores totam. Quae debitis placeat iusto. Ut iste omnis hic pariatur.',2,1,1,'2018-11-21 03:33:25','2021-07-17 00:09:19'),(30,68,10,'Quia asperiores impedit accusamus totam est nostrum. Suscipit ea voluptas omnis. Id aliquam adipisci quo distinctio. Tempore quia atque cumque rerum illum est.','Amet magni iusto aut consequatur aut veniam quasi deserunt. Laudantium expedita odio nostrum. Sint quia natus enim nisi dolores.',60,1,1,'2015-10-15 05:18:03','2021-07-17 00:09:19'),(31,1,8,'Debitis qui voluptatem voluptates quidem pariatur. Esse rerum ducimus molestias est corrupti. Sed rerum excepturi itaque expedita animi aspernatur qui.','Voluptas aut odio nisi unde. Et et totam autem quia occaecati accusamus. Est sed eius voluptate explicabo non exercitationem aspernatur.',20,1,0,'2019-12-07 08:45:56','2021-07-17 00:09:19'),(32,26,21,'Cupiditate eos nesciunt nesciunt quia quibusdam. Totam vero facilis et quis. Cupiditate quis hic quibusdam perspiciatis neque voluptates eligendi.','Quos nemo quam sunt rerum itaque. Omnis similique sequi facere sit consequatur cum itaque porro. Voluptatum quia voluptates voluptatem ad quis quia aut. Eum optio sed fugit architecto velit.',70,0,1,'2019-07-17 13:14:44','2021-07-17 00:09:19'),(33,42,30,'Nesciunt est enim autem reiciendis vitae distinctio omnis temporibus. Aut doloremque expedita ab voluptas. Occaecati molestias sequi asperiores explicabo sint itaque. Unde pariatur occaecati delectus minus et et labore necessitatibus.','Qui soluta illum aut magnam nihil aspernatur ut necessitatibus. Necessitatibus et eveniet quia nemo qui ut. Porro quisquam numquam debitis sequi amet qui. Nihil aut earum non nesciunt sed.',63,1,0,'2016-06-17 04:31:05','2021-07-17 00:09:19'),(34,22,7,'Perferendis voluptas sit molestiae ducimus recusandae libero. Ut ducimus voluptatem natus. Omnis soluta earum quos ullam natus quis.','Vel harum est non aut voluptatem modi laudantium. Esse quis possimus deleniti saepe praesentium natus. Voluptas ut asperiores et.',37,0,0,'2013-11-24 15:30:58','2021-07-17 00:09:19'),(35,22,30,'Accusamus quam rerum aut eos. Eveniet corrupti voluptatum aperiam aliquam nisi sapiente voluptatibus. Enim exercitationem quaerat soluta eveniet. Veritatis ab incidunt voluptatibus sed quia et suscipit.','Rerum ex libero iure dolorem quia. Corporis error adipisci numquam. Autem facilis et vitae deserunt facere autem. Et est dicta ad.',33,0,0,'2015-04-09 16:56:07','2021-07-17 00:09:19'),(36,62,4,'Sed optio blanditiis quis cum. Rerum id corporis qui quis. Facilis quasi nulla aut quae deserunt.','Ducimus sint adipisci doloremque alias saepe. Necessitatibus blanditiis animi excepturi illum autem omnis natus. Ex omnis et vel voluptas minus a iste. Optio aliquid adipisci a numquam impedit.',75,0,0,'2015-01-29 05:20:12','2021-07-17 00:09:19'),(37,38,20,'Voluptas quaerat tempora dolor fugit consequatur veritatis. Sed eum dignissimos deserunt consequuntur libero et nobis. Quod ex commodi quia eos.','Id laudantium labore odit optio quos. Earum soluta ipsam odit est ut aut nostrum autem. Quam ducimus enim voluptatem ab exercitationem est aut.',12,0,0,'2015-12-08 11:07:22','2021-07-17 00:09:19'),(38,63,24,'Voluptas quod omnis neque sed asperiores sed perspiciatis. Reiciendis labore voluptatem maiores. Et quam nam aspernatur autem voluptas.','Quaerat id ut minima deserunt. Laudantium ad et sunt consectetur. Placeat voluptate aliquid reiciendis aliquid.',5,1,0,'2020-06-25 10:19:35','2021-07-17 00:09:19'),(39,88,8,'Doloremque dolores nostrum ut. Dicta ut at esse voluptas consectetur qui natus repellat. Sunt error aut facere sint provident ut. Eum sint possimus esse cupiditate est et corporis.','Omnis vero voluptatum incidunt iure qui. Sed sit similique sed explicabo ut possimus. Cum et commodi saepe facilis cupiditate dolorem.',62,0,0,'2016-05-20 08:19:08','2021-07-17 00:09:19'),(40,33,23,'Velit iure id fugit aut. Officiis asperiores tenetur sapiente tempora beatae esse dicta. Et tenetur consequatur neque natus necessitatibus.','Est qui esse aut aut dolorum dicta molestias. Sunt dolor aut harum. Consequuntur optio eum suscipit tenetur. Enim laborum recusandae pariatur cumque.',84,0,0,'2016-10-27 01:53:50','2021-07-17 00:09:19'),(41,90,30,'Maiores quibusdam facere eos labore vitae eum placeat tenetur. Commodi asperiores odit voluptates saepe voluptate. Similique asperiores distinctio aut nemo quasi voluptas dolorem.','Placeat eos illum facilis et. Qui ipsa id aut voluptas molestiae ut voluptates porro. Laudantium sint sed rerum quia omnis.',27,0,0,'2012-08-06 18:05:49','2021-07-17 00:09:19'),(42,36,30,'Consectetur dicta doloribus perspiciatis quia eligendi. Blanditiis a dolores facilis consequatur consequatur dolores. Id assumenda quia corrupti nemo officiis.','Nihil pariatur occaecati corrupti iste eos et. Qui voluptatem harum qui debitis officia sed molestiae amet. Maiores ut voluptas tempora deleniti esse quod mollitia.',82,0,1,'2012-05-08 17:48:24','2021-07-17 00:09:19'),(43,17,11,'Doloribus nulla exercitationem et eligendi. Nostrum illum itaque aliquid enim eos architecto harum vel. Possimus velit odit vero consectetur.','Sed esse neque mollitia in similique dicta. Quaerat qui impedit aut enim enim aliquid esse deserunt. Iusto ut eos voluptates itaque. A dolores quibusdam odit quod et.',34,1,1,'2020-04-06 11:24:48','2021-07-17 00:09:19'),(44,57,25,'Incidunt omnis atque adipisci similique dignissimos. Doloremque voluptatem nam voluptatem.','Qui eos sit et tempore qui. Voluptates veritatis sed vel. Sed sint tenetur dolore iste tempore esse perspiciatis.',40,1,0,'2016-12-01 16:24:53','2021-07-17 00:09:19'),(45,52,12,'Et eum ipsa atque molestias. Quo mollitia hic eligendi vel natus incidunt rerum. Est ab asperiores blanditiis voluptas ut.','Fugiat ut quo libero incidunt rerum qui. Ducimus aut dolor deleniti sed aliquid qui. Est iste quis qui repellat officiis harum consequatur veritatis. Tempore cumque quas incidunt vel.',43,0,1,'2014-03-18 22:53:19','2021-07-17 00:09:19'),(46,93,11,'Voluptatem perspiciatis voluptatem enim molestias accusamus minus doloribus. Architecto doloremque et ut ipsam officia harum earum vero.','Repudiandae similique rerum ut provident aspernatur et aliquam quia. Enim quisquam quibusdam laboriosam et voluptatem. Accusantium voluptatem non animi quia consequatur.',3,1,0,'2014-03-02 21:11:27','2021-07-17 00:09:19'),(47,7,8,'Et odio doloribus quisquam voluptatem est in. Voluptas repudiandae impedit sequi iusto quasi delectus facilis. Tempora beatae omnis aut omnis esse molestiae. Fugit facilis aut rerum quis mollitia sit.','Rerum quia consequatur omnis ut omnis. Dolorem quod nam rerum ipsum distinctio quidem quo recusandae. In autem distinctio et doloremque corporis.',99,1,0,'2016-03-16 04:56:12','2021-07-17 00:09:19'),(48,23,5,'Corrupti voluptates modi voluptatem dolore. Enim et similique consectetur veritatis iusto rerum. Qui necessitatibus neque eum quas.','Ut praesentium rerum qui commodi saepe quaerat nostrum. Aut placeat iure eos doloremque ea voluptates repellat. Sint impedit aut a laboriosam natus. Aperiam illum beatae molestias labore expedita.',10,0,1,'2015-02-19 03:05:56','2021-07-17 00:09:19'),(49,1,23,'Voluptas qui voluptate molestias laborum consectetur accusantium neque et. Nemo debitis ut neque id expedita. Illo fugit iusto nihil similique sequi optio placeat. Distinctio voluptatum quasi nihil et veritatis.','Voluptatum voluptate quos et saepe. Excepturi repellendus adipisci voluptatem nostrum aut hic voluptate occaecati. Sequi minima quisquam officia harum et eaque voluptatem neque.',78,1,0,'2016-03-22 06:52:11','2021-07-17 00:09:19'),(50,60,21,'Expedita voluptatem et ad. Nesciunt ad maiores deleniti repellat.','Possimus ipsam ut excepturi molestiae. Voluptatum ullam aut veniam iure. Fugiat repellat rerum incidunt non corrupti sed ullam repudiandae.',56,1,1,'2011-08-22 14:30:03','2021-07-17 00:09:19'),(51,78,7,'Aut veritatis alias culpa ut. Nesciunt et corrupti error consectetur. Fugit maiores soluta perspiciatis minus similique explicabo tenetur. Aut vel sapiente fuga totam quaerat ad repellendus. Iure aut omnis ut aliquam omnis.','Sint quasi facere aspernatur libero beatae corrupti. Officiis voluptas ut eos. Accusamus voluptas officia omnis ut.',70,1,0,'2015-03-03 21:59:53','2021-07-17 00:09:19'),(52,86,7,'Omnis aliquid dolorem adipisci voluptas ut laborum. Ipsa nihil quia tenetur ipsa. Repellat quis enim est necessitatibus ipsa illum voluptas incidunt.','Illo officiis pariatur ipsum est autem. Corrupti ut dolorum qui ut sed eum.',49,0,1,'2013-11-21 14:41:52','2021-07-17 00:09:19'),(53,80,16,'Eum dolores hic saepe vel. Autem voluptas repellendus amet totam. Ut maiores eius consequatur cum rerum.','Vero qui est quia et ut. Reiciendis eum alias beatae maxime animi ut occaecati. Ut quam nemo et.',21,0,1,'2020-02-07 16:12:39','2021-07-17 00:09:19'),(54,49,25,'Officiis dolores ea aspernatur autem ex et. Eligendi nihil perferendis animi tenetur eius. Ullam non maxime et esse voluptatibus. Quia ad repellendus iste ut quasi dolorem. Placeat qui esse debitis eligendi autem voluptate eos.','Sapiente quas dolore porro non excepturi. Excepturi earum iste esse harum alias sit voluptate. Et nihil voluptatibus odio repellendus. Molestias libero expedita mollitia pariatur quasi provident et.',56,1,1,'2011-10-13 22:03:44','2021-07-17 00:09:19'),(55,38,7,'Et repellendus rerum dolore quas. Dolor qui aut debitis veniam. Eum quaerat consequatur distinctio blanditiis veritatis quibusdam. Facere est asperiores nulla consectetur.','Cupiditate ut ab sapiente pariatur. Consequatur cum tenetur est eaque aliquam error nulla. Odio voluptate sunt est quisquam vel tempora expedita.',96,0,0,'2019-09-01 07:22:25','2021-07-17 00:09:19'),(56,14,25,'Modi dicta veniam et tenetur aliquam velit suscipit. Voluptatem aut sed rerum ut distinctio. Dignissimos qui quo ut mollitia ipsam in.','Hic quidem sint rerum distinctio aut. Esse reiciendis unde ducimus qui ducimus. Est aut distinctio illo eaque fugit laborum. Tempora voluptatem aperiam unde laborum.',61,1,0,'2017-09-07 07:59:02','2021-07-17 00:09:19'),(57,61,7,'Consequatur vel adipisci est. Et quia laboriosam perferendis quae non mollitia. Qui minima eos ullam omnis officia consectetur corporis.','Qui dolorem velit et eum quo eius et. Et quo fugit et molestias vel reiciendis. Perferendis recusandae aut corporis ut. Id quaerat quibusdam unde fugit aut totam nam.',30,0,0,'2013-09-24 04:23:28','2021-07-17 00:09:19'),(58,79,3,'Optio qui veniam ducimus sit magni id. Deleniti ut dolor corporis inventore saepe.','Ipsum ea sunt voluptas ut. Sed magni tenetur non odit autem unde sint veniam. Molestiae eos similique et eaque.',1,0,1,'2021-03-14 09:10:00','2021-07-17 00:09:19'),(59,79,28,'Voluptas quia ducimus vitae dolorem. Delectus voluptatum ut dolorem illum eveniet nulla aut. Libero illo alias culpa dolores ducimus. Debitis consequuntur omnis illo officia corporis vel ipsam sapiente. Vero natus quia laboriosam sed accusantium.','Neque explicabo tenetur quibusdam facilis numquam voluptas neque vel. Doloremque nam laudantium aut fugiat ex at natus quas. Ut qui et dolor. Totam deserunt quo omnis magni voluptatem ea.',21,0,0,'2013-10-26 16:19:10','2021-07-17 00:09:19'),(60,28,24,'Expedita labore ipsa vel itaque laborum eaque esse. Sit ut sit ab qui repellendus vitae est cumque. Vitae consectetur enim repellendus iusto. Quidem occaecati nulla ab laudantium at sit.','Asperiores rerum dolore voluptates expedita et. Illo ea magni ut praesentium eius. Laborum aut vel quibusdam illum aliquam rem reprehenderit.',10,1,1,'2020-08-13 16:57:51','2021-07-17 00:09:19'),(61,12,9,'Sint rem quia beatae qui. Mollitia voluptas expedita deleniti praesentium placeat repudiandae unde cumque. Odit aut qui qui recusandae occaecati adipisci. Nulla ab dolor earum dolores vero ut tempora nihil. Consequatur totam qui neque et ut quisquam.','Est aut vel ullam et est. Amet repudiandae quibusdam omnis velit ut. Dolorem quisquam omnis quam est pariatur asperiores sit quibusdam. Dignissimos vel cupiditate velit.',8,1,0,'2019-02-09 00:47:55','2021-07-17 00:09:19'),(62,52,11,'Ipsam dolor modi omnis. Iure qui consequatur quia consequuntur nulla nisi. Dolorum sit ipsum earum nihil quia.','Et eaque animi ad in molestiae. Est unde nostrum beatae. Impedit nobis vitae impedit animi ut quibusdam quam consectetur. Temporibus animi ut nostrum eaque qui.',27,1,1,'2019-07-11 01:30:57','2021-07-17 00:09:19'),(63,24,12,'Corrupti est sunt pariatur autem architecto qui deleniti. Quia labore reprehenderit ducimus quia aut. Nostrum quia est iste sint ut.','Aliquid doloribus minus esse cupiditate debitis temporibus. Eum consequatur labore voluptas maxime. Nisi asperiores repudiandae architecto nihil. Repellat expedita maiores quas enim non nihil omnis.',26,0,1,'2015-06-04 10:51:31','2021-07-17 00:09:19'),(64,8,19,'Qui quod sed et esse quos ut recusandae. Enim eos voluptatem quas magnam maiores et omnis. Voluptatum et nam molestias et odit delectus mollitia.','Accusamus consequatur porro autem sint. Quisquam error non consequatur optio reprehenderit. Alias qui assumenda officia est natus. Repellat et impedit repudiandae qui aliquam.',93,1,0,'2014-05-06 00:00:23','2021-07-17 00:09:19'),(65,76,30,'Et quisquam tempora officiis. Eum libero voluptatem non. Et doloremque vero quis unde id consectetur. Amet rerum maiores et accusamus animi. Non dicta consequatur sequi voluptatibus.','Rerum corrupti explicabo deserunt est occaecati facilis est. Vel voluptas et quis id sequi ut in. Omnis totam sint et est voluptates aliquid corporis excepturi. Et libero nihil recusandae suscipit.',62,1,0,'2011-08-22 13:18:19','2021-07-17 00:09:19'),(66,14,26,'Qui nobis tempora nesciunt aut itaque libero eveniet. Dolorum nesciunt voluptatem numquam quae minima illo. Et iusto assumenda necessitatibus dolorem.','Totam similique sit quas. Facilis ut sed quia id ab eaque libero provident. Voluptatem animi illo et. Doloribus aut inventore nobis temporibus.',78,1,1,'2018-09-03 17:36:13','2021-07-17 00:09:19'),(67,38,17,'Quod velit facere numquam possimus expedita libero adipisci. Ut quia necessitatibus voluptas et error natus sit. Dicta aut eaque vero provident.','Inventore deleniti fugit soluta nostrum doloribus quas sunt sed. Ut odit facilis porro sit expedita voluptatibus.',69,1,0,'2018-01-20 14:18:29','2021-07-17 00:09:19'),(68,72,16,'Corrupti eaque aut aut quo. Officiis omnis debitis fugiat non explicabo illo. Harum ut nam qui necessitatibus voluptas.','Ut illum non porro voluptas aut at itaque. Vero aut officia est qui. Quis quae cupiditate distinctio consequuntur.',43,1,1,'2020-04-09 05:00:23','2021-07-17 00:09:19'),(69,60,21,'Ea sed omnis consequatur. Et cumque excepturi eum velit quia. Quo veritatis provident et qui porro dolor. Sed quaerat laudantium qui ratione possimus.','Et illum porro facilis et deserunt. Alias eaque dolores et. Quo illum quaerat corrupti. Est accusamus aut reiciendis explicabo voluptatem sunt sequi et.',65,0,1,'2019-03-11 09:18:54','2021-07-17 00:09:19'),(70,16,27,'Distinctio rerum nisi et nihil. Et aut molestiae doloribus animi at blanditiis saepe. Eum in qui repellendus nam eius. Sed beatae qui id excepturi facere quo.','Ipsam nulla assumenda eum praesentium illum. Voluptas atque aperiam excepturi cumque.',87,1,0,'2019-11-29 19:22:09','2021-07-17 00:09:19'),(71,74,3,'Aut ut repellat dolores quo impedit blanditiis est. Ut aliquid quasi aut alias cumque atque quam. Voluptatem eos culpa ratione sed.','Aut vitae perferendis libero velit. Eos sed tenetur sed voluptas animi. Aut sunt ut ratione dignissimos. Ea dignissimos labore et quia. Qui eveniet placeat sed dolorem ipsam cumque quas.',23,1,0,'2019-02-13 07:18:29','2021-07-17 00:09:19'),(72,85,17,'Aut suscipit nesciunt quia totam esse consectetur et. Accusamus et quod quidem quam beatae voluptatibus iure. Tempora praesentium deserunt doloremque id eius occaecati quia aperiam. Facere rerum id repellat magnam dolore qui et.','Fugit aut exercitationem aspernatur sint maiores facilis quia delectus. Omnis voluptatem et et sunt consectetur dolor. Dignissimos sunt recusandae aut et aut.',29,0,0,'2017-04-09 17:00:19','2021-07-17 00:09:19'),(73,74,24,'Ut architecto nihil aliquid dolores accusamus sint. Voluptatem nihil amet eveniet beatae. Voluptas quos ullam eius accusantium suscipit est quis.','Repudiandae quia ab fuga tenetur dolorum sapiente. Eum omnis cum et sint. Quis optio est est iure omnis ut. Rerum voluptas eveniet ut et numquam reiciendis necessitatibus.',80,1,0,'2011-07-04 00:09:54','2021-07-17 00:09:19'),(74,58,16,'Est voluptas dolorum quia numquam. Ut nisi fuga commodi qui id. Est consequatur aut ut tempora aliquam accusamus ipsa. Facere quibusdam odio quos.','Ut enim facilis tempora adipisci impedit expedita. Minima quaerat error et et. Necessitatibus a ut ea.',84,1,0,'2019-11-10 03:30:44','2021-07-17 00:09:19'),(75,63,19,'Incidunt ad natus non nam a dolorem. Culpa minus occaecati sequi quibusdam facilis. Dolorem corrupti deserunt iusto hic similique itaque dolorum.','Culpa deleniti a ut eum. Eum corporis quod iusto esse voluptatem voluptas. Consequuntur non sint nulla voluptatem voluptas. Voluptatem laboriosam voluptas blanditiis quam voluptate.',28,0,1,'2020-09-14 00:28:45','2021-07-17 00:09:19'),(76,51,21,'Beatae blanditiis qui perferendis earum non. Tempora voluptatem nemo officia voluptatem aut eius. Corporis distinctio voluptate ad quas reprehenderit fugit eos. Necessitatibus tempore quia assumenda cupiditate.','Qui qui animi vero at itaque. Qui nobis placeat tempore ad rerum. Dolorem ipsam et eos voluptas est maiores. Enim exercitationem enim modi dolor est id quas.',87,0,0,'2019-12-07 13:56:58','2021-07-17 00:09:19'),(77,32,29,'Ut laborum modi et nisi dolor eius. Dicta at voluptates non non. Dolorem aspernatur placeat quisquam ea. Odit voluptatum nemo unde libero est dolores assumenda.','Aliquam dicta delectus assumenda expedita. Fugiat veritatis omnis eum eligendi. At aut vitae est libero mollitia tempora. Est temporibus est in quo blanditiis.',85,1,0,'2014-01-02 02:22:56','2021-07-17 00:09:19'),(78,37,8,'Ut aspernatur dolor quibusdam eligendi tempore. Doloremque fuga ex consequatur consectetur error est. Hic provident saepe modi explicabo. Vel eveniet quaerat tempora consequuntur sint.','Laudantium blanditiis nobis sit est eos doloremque qui. Dignissimos in dolore sapiente nisi dolores. Perspiciatis et et illum qui. Dolore aut iste et et.',25,0,1,'2017-03-19 21:17:43','2021-07-17 00:09:19'),(79,42,12,'Sunt nisi veritatis esse. Tenetur id non magni consequuntur eum suscipit. Aliquid vitae ipsum recusandae incidunt atque debitis.','Eaque et quia ex qui dolores. Voluptatem quaerat inventore mollitia adipisci non labore nihil. Et voluptatem asperiores sint vel eum earum nihil.',58,1,0,'2013-05-07 03:04:50','2021-07-17 00:09:19'),(80,80,7,'Veniam autem exercitationem earum eum id. Autem cum necessitatibus dicta aut vel autem. Fuga est qui molestias. Fuga assumenda suscipit ut molestiae fugit.','At nihil sunt eos recusandae ut. Nihil cupiditate reiciendis eligendi doloribus. Voluptatibus quia est atque voluptatibus consectetur.',78,1,1,'2017-07-17 01:07:08','2021-07-17 00:09:19'),(81,21,21,'Quod qui quibusdam quisquam laborum quaerat. Voluptatum ut aut mollitia eius dolores itaque. Et quisquam numquam incidunt tempora suscipit sunt amet dignissimos. Blanditiis iste ut exercitationem.','Nisi ut illum omnis. Ut et sed asperiores error perspiciatis aspernatur facere. Et voluptas non qui in nisi tenetur harum deleniti.',76,1,1,'2018-02-25 16:33:26','2021-07-17 00:09:19'),(82,75,15,'Minima quae eaque excepturi recusandae mollitia commodi ullam. Voluptatem doloremque quia cum animi similique qui dignissimos qui. Eveniet qui odio voluptas veritatis atque. Omnis incidunt qui nihil.','Omnis a accusamus et fugiat et. Tempore iste nihil sit est dolor. Est voluptas et possimus quibusdam et voluptatem. Totam magni totam veniam sit iusto voluptatibus.',11,0,0,'2017-05-15 14:51:17','2021-07-17 00:09:19'),(83,13,9,'Totam nihil iure est quasi. Autem cum natus perspiciatis id. Distinctio error inventore ut quasi quos.','Dolores corporis molestiae maxime. Et ea qui aperiam nihil voluptatibus itaque. Cumque sunt eum alias dolor. Qui ipsam ad officia deleniti et repellendus.',14,0,0,'2018-02-14 15:24:13','2021-07-17 00:09:19'),(84,76,11,'Minima ipsam sit itaque minima quam. Harum nulla non laborum facere.','Ipsum quae soluta et sint nostrum voluptas. Adipisci dicta laudantium qui. Et nam id repellat aut occaecati tenetur. Ratione et ut neque eligendi.',57,0,0,'2017-02-22 22:37:53','2021-07-17 00:09:19'),(85,75,1,'Earum et sed voluptates hic. Eos non sed repellendus. Quidem perspiciatis ratione quo. Officiis et ea odio voluptas voluptatem quia.','Consectetur quam aut error laboriosam. Quia sit est illo libero quis fuga. Quaerat unde ut autem quod neque ipsum aut.',91,0,1,'2019-05-16 18:36:04','2021-07-17 00:09:19'),(86,45,15,'Sed laborum non esse a et et inventore. Similique velit quia accusamus et omnis ipsum. Ut ut vel et id vel.','Quis et aut quos sed et. Quidem quia dolorum quia culpa laborum. Quisquam quaerat aut rerum quae quia magni. Quasi vel sint officia.',15,0,1,'2016-02-05 14:16:25','2021-07-17 00:09:19'),(87,24,23,'Et qui dolor beatae incidunt nulla architecto. Eos iure enim sed qui. Consequatur autem adipisci accusamus possimus consequatur et.','Id omnis rem neque nisi a laudantium fugit nihil. Qui dolores reiciendis dicta rerum ipsum consequatur sint. Corporis iure et totam laudantium ab deleniti.',2,1,0,'2021-03-26 12:09:22','2021-07-17 00:09:19'),(88,85,6,'Quas doloremque eaque aut. Unde corrupti odio atque molestias.','Praesentium cumque magni vel eum dignissimos repellendus. Enim quod facilis dolorum asperiores quasi enim. Libero enim minima fuga magnam. Est reprehenderit rerum quod voluptas nobis repellendus.',41,1,1,'2012-03-13 22:48:02','2021-07-17 00:09:19'),(89,46,2,'Soluta dolores animi quaerat velit. Architecto et quo voluptatem molestiae architecto. Voluptatem et commodi earum eaque et unde. Sit et sunt officiis nostrum corrupti laudantium deleniti sunt.','Praesentium molestiae labore sed in aut. Itaque minus optio id temporibus ab. Non et voluptates nostrum unde reprehenderit illum aut. Excepturi nam impedit eum ut aut velit.',90,0,1,'2019-07-27 19:42:33','2021-07-17 00:09:19'),(90,31,26,'Cupiditate exercitationem autem voluptas aut quisquam. Laborum impedit earum hic nihil vero. Voluptatem doloribus eos voluptas distinctio.','Consequatur quisquam sit suscipit corrupti. Similique sit dolores assumenda. Repudiandae est nihil reprehenderit sint rerum.',34,1,0,'2012-07-21 16:23:38','2021-07-17 00:09:19'),(91,12,18,'Quae illo consequatur ex laborum aliquid architecto. Voluptatem debitis est voluptas sunt. Dolorem temporibus eveniet quisquam omnis accusamus commodi eligendi. Unde commodi voluptas earum harum quos. Porro quia eius error sed aliquid.','Sunt non explicabo culpa harum veniam dolorum rerum. Mollitia dolores qui nisi est dolorum sed sed. Dolorum quia iure aspernatur. Est ipsa et occaecati qui laudantium exercitationem alias.',57,0,1,'2012-08-25 17:15:37','2021-07-17 00:09:19'),(92,9,22,'Ab aspernatur repellendus soluta atque dolorem ab officia exercitationem. Velit itaque non sapiente in quod quam officiis. Quia laboriosam necessitatibus impedit modi. Reprehenderit neque et laborum voluptatem aperiam quo ab.','Atque quos dolores reiciendis rerum. Laudantium in id ut voluptas. Voluptatem ut nobis officia voluptatem numquam dignissimos modi.',38,1,0,'2020-03-19 05:47:27','2021-07-17 00:09:19'),(93,70,11,'Consequatur voluptatem doloribus eum atque. Impedit architecto fugiat ipsum sint. Ipsum aliquid incidunt quaerat reiciendis quo. Optio facere vitae distinctio dolores.','Vel fuga perspiciatis laboriosam odit iusto rerum. Ea quis est velit non autem ut error a. Velit voluptatem ut esse et ipsam. Officia id unde nostrum est sit consequatur.',62,1,1,'2015-09-25 01:34:57','2021-07-17 00:09:19'),(94,6,13,'Enim fugit quia error doloribus aperiam autem. Sint et optio enim dignissimos et. Nesciunt laudantium qui dolorem ad alias.','Quidem ratione corrupti velit dolor consequuntur. Non non et sit incidunt distinctio.\nMollitia minus illo et voluptates possimus ex beatae. Laboriosam quos et nemo velit.',98,1,0,'2019-11-16 17:32:47','2021-07-17 00:09:19'),(95,60,3,'Ducimus architecto et est dolor placeat eligendi. Pariatur molestiae atque id vel.','Quia velit saepe dolorem qui. Ut quo sint aut consectetur.',55,1,1,'2013-12-19 00:02:04','2021-07-17 00:09:19'),(96,53,1,'Consequatur velit explicabo cum sunt error rerum quaerat. Exercitationem iusto nihil laborum optio. Odit vel ut similique labore praesentium ut.','Vel pariatur eius dolor inventore numquam est sit aut. Mollitia pariatur in sunt consequatur fuga dicta molestias. Ut officia consequatur non.',43,0,0,'2021-02-06 08:26:54','2021-07-17 00:09:19'),(97,13,11,'Hic ea natus ad. Impedit id sapiente expedita tempora exercitationem esse laudantium.','Eos fugit delectus fugiat possimus ipsum. Ducimus omnis assumenda iusto blanditiis. Molestias possimus dolorem quaerat consequatur aut enim a. Et omnis aut beatae voluptatem.',45,1,0,'2015-05-10 05:31:38','2021-07-17 00:09:19'),(98,11,7,'Accusamus totam itaque ab incidunt ea. Dolore id totam sunt quia.','Autem ut itaque nobis est. Cupiditate occaecati tenetur occaecati nulla id tenetur quia. Sit et dolorum autem excepturi voluptas perspiciatis. Dignissimos qui dignissimos excepturi ut soluta.',73,0,1,'2019-04-13 00:54:26','2021-07-17 00:09:19'),(99,2,27,'Reiciendis perspiciatis praesentium veritatis deleniti et. Blanditiis consequuntur repudiandae illo architecto sequi.','Odit sequi aperiam animi ratione. Voluptatem soluta maxime blanditiis numquam rerum. Fugiat aspernatur eum laudantium quidem ut ut.',42,0,1,'2021-06-18 15:20:15','2021-07-17 00:09:19'),(100,42,25,'Nobis ea quo recusandae quia aspernatur delectus. Sed est neque aut ea nobis ut totam. Distinctio quidem ut neque vel sunt quaerat.','Nihil fugit ducimus dicta cum. Quam id omnis rerum et iste. Et tenetur tempore qui rerum rerum ipsum ut eaque. Consectetur qui quos voluptas non quis unde optio impedit.',91,0,1,'2012-08-29 02:38:39','2021-07-17 00:09:19');
/*!40000 ALTER TABLE `posts` ENABLE KEYS */;
UNLOCK TABLES;

--
-- Table structure for table `profiles`
--

DROP TABLE IF EXISTS `profiles`;
/*!40101 SET @saved_cs_client     = @@character_set_client */;
/*!50503 SET character_set_client = utf8mb4 */;
CREATE TABLE `profiles` (
  `user_id` int unsigned NOT NULL,
  `photo_id` int unsigned DEFAULT NULL,
  `status_id` int unsigned DEFAULT NULL,
  `location_id` int unsigned DEFAULT NULL,
  `about_me` text CHARACTER SET utf8mb4 COLLATE utf8mb4_unicode_ci NOT NULL,
  `religion_id` int unsigned DEFAULT NULL,
  `shool_id` int unsigned NOT NULL,
  `university_id` int unsigned NOT NULL,
  `work_place_id` int unsigned NOT NULL,
  `created_at` datetime DEFAULT CURRENT_TIMESTAMP,
  `updated_at` datetime DEFAULT CURRENT_TIMESTAMP ON UPDATE CURRENT_TIMESTAMP,
  PRIMARY KEY (`user_id`),
  KEY `profiles_photo_id_fk` (`photo_id`),
  KEY `profiles_status_id_fk` (`status_id`),
  KEY `profiles_location_id_fk` (`location_id`),
  KEY `profiles_religion_id_fk` (`religion_id`),
  KEY `profiles_shool_id_fk` (`shool_id`),
  KEY `profiles_university_id_fk` (`university_id`),
  KEY `profiles_work_place_id_fk` (`work_place_id`),
  CONSTRAINT `profiles_location_id_fk` FOREIGN KEY (`location_id`) REFERENCES `location` (`id`) ON DELETE SET NULL,
  CONSTRAINT `profiles_photo_id_fk` FOREIGN KEY (`photo_id`) REFERENCES `photo` (`id`) ON DELETE SET NULL,
  CONSTRAINT `profiles_religion_id_fk` FOREIGN KEY (`religion_id`) REFERENCES `religion` (`id`) ON DELETE SET NULL,
  CONSTRAINT `profiles_shool_id_fk` FOREIGN KEY (`shool_id`) REFERENCES `shool` (`id`) ON DELETE CASCADE,
  CONSTRAINT `profiles_status_id_fk` FOREIGN KEY (`status_id`) REFERENCES `user_statuses` (`id`) ON DELETE SET NULL,
  CONSTRAINT `profiles_university_id_fk` FOREIGN KEY (`university_id`) REFERENCES `university` (`id`) ON DELETE CASCADE,
  CONSTRAINT `profiles_user_id_fk` FOREIGN KEY (`user_id`) REFERENCES `users` (`id`) ON DELETE CASCADE,
  CONSTRAINT `profiles_work_place_id_fk` FOREIGN KEY (`work_place_id`) REFERENCES `work_place` (`id`) ON DELETE CASCADE
) ENGINE=InnoDB DEFAULT CHARSET=utf8mb4 COLLATE=utf8mb4_unicode_ci;
/*!40101 SET character_set_client = @saved_cs_client */;

--
-- Dumping data for table `profiles`
--

LOCK TABLES `profiles` WRITE;
/*!40000 ALTER TABLE `profiles` DISABLE KEYS */;
INSERT INTO `profiles` VALUES (1,36,1,48,'Quas nihil et ea aspernatur unde. Odit animi aperiam vel.',2,93,28,98,'2013-03-30 06:17:08','2021-07-18 15:35:43'),(2,94,2,88,'Qui sed recusandae atque consequatur. Dolor praesentium vel ut quo fugiat. Tempora blanditiis omnis cum enim placeat. Ipsa saepe laudantium ut dolorum cupiditate.',3,61,75,91,'2017-09-06 01:18:35','2021-07-18 15:35:43'),(3,59,1,95,'Qui eius accusamus iste. Blanditiis laudantium enim ducimus omnis maiores ratione. Similique in provident libero dolore corporis dolorum optio.',8,23,90,60,'2011-08-28 11:29:40','2021-07-18 15:35:43'),(4,15,1,14,'Perferendis quis optio esse incidunt. Aliquid occaecati quae omnis voluptas. Ut accusantium impedit error velit eligendi esse labore aliquid.',6,31,24,28,'2013-01-08 13:06:29','2021-07-18 15:35:43'),(5,97,1,81,'Qui ex quam rerum in. Id dignissimos sunt eveniet dicta. Sit qui voluptates ipsam ad.',4,88,48,58,'2012-08-04 19:16:02','2021-07-18 15:35:43'),(6,41,2,63,'Voluptas et vero ut vitae non optio. Quis est quam illo quasi sequi.\nDolor saepe cupiditate nobis ut et. Ea ad eveniet facilis et. Libero officiis voluptatem qui labore voluptatem est dolores.',5,46,71,5,'2018-08-23 14:46:38','2021-07-18 15:35:43'),(7,14,2,74,'Fugiat et molestiae quo et. Nam perspiciatis fugiat ipsum cumque sit totam voluptas non. Nesciunt consequuntur qui dolorem fugiat commodi quae harum. Ipsum consequatur quis quo omnis.',11,67,7,52,'2019-09-26 09:17:22','2021-07-18 15:35:43'),(8,46,1,78,'Quia inventore sint tempore iusto. Exercitationem quis dignissimos impedit ad. Quae harum consequatur magni eligendi id. Occaecati id sint in.',3,96,24,43,'2021-07-03 05:12:05','2021-07-18 15:35:43'),(9,89,2,69,'Nemo neque architecto minima ducimus cumque voluptate. Quod natus quod ipsa reiciendis deserunt omnis quisquam. Eos eum quam ullam cumque aut magni et laborum.',7,77,99,57,'2019-11-24 11:36:34','2021-07-16 23:29:29'),(10,4,2,9,'Cumque ullam nihil dicta quisquam eum. Dolorem quia ratione ut quod non ut. Expedita et officia ut.',1,99,23,59,'2012-08-10 17:22:04','2021-07-18 15:35:43'),(11,55,1,40,'Minima aspernatur id voluptate qui deleniti quia unde. Excepturi et sit suscipit assumenda. Ea quo ut nisi non neque et.',6,63,18,21,'2013-03-20 12:22:04','2021-07-18 15:35:43'),(12,62,2,70,'Et ut sequi dolor qui. Fugiat nulla sed quidem incidunt eos. Earum dolor voluptatem libero fugiat cumque eum.',2,19,20,29,'2017-11-03 04:56:41','2021-07-18 15:35:43'),(13,43,2,31,'Rerum qui in nostrum esse alias facere nihil et. Facere aut perferendis eius. Quas repellat omnis earum consequuntur provident quia et. Corrupti consequuntur iusto accusamus voluptatem.',4,4,46,80,'2015-05-18 04:33:18','2021-07-18 15:35:43'),(14,27,2,42,'Et nam distinctio ducimus assumenda ad sed eveniet. Recusandae quo architecto molestias et quia velit quisquam. Ratione facilis sint sit.',3,63,70,12,'2020-09-19 19:29:38','2021-07-18 15:35:43'),(15,9,1,18,'Iure illo in consequatur. Facilis alias quia voluptas quia. Nam ex labore reprehenderit soluta minus voluptatibus. Aliquam quo tenetur enim cum est. Dolorum fuga quos ipsa aut ea alias suscipit.',1,1,11,21,'2011-08-17 11:18:06','2021-07-18 15:35:43'),(16,60,1,63,'Totam facere exercitationem laborum rem iure qui aut. Animi totam omnis dolor asperiores numquam aliquam. Veniam et expedita officia qui animi laudantium accusantium earum.',8,16,43,68,'2019-09-26 15:54:54','2021-07-18 15:35:43'),(17,74,1,60,'Adipisci eaque illum quibusdam hic et a. Veritatis dolor non iste velit sit in. At aliquid praesentium consequatur aliquam autem rerum. Unde similique veniam neque molestiae dolores qui voluptas.',2,77,81,79,'2016-11-26 22:52:10','2021-07-18 15:35:43'),(18,90,1,11,'Illo ut laboriosam aut nihil. Quia recusandae voluptatum fugiat consequuntur.',7,35,78,87,'2020-04-09 22:58:21','2021-07-18 15:35:43'),(19,26,2,75,'Placeat dolor esse debitis perspiciatis sint. Quia quo laborum quod. Similique dicta atque aperiam iusto cupiditate tenetur qui reiciendis. Illum magni qui porro.',6,45,46,98,'2013-05-03 05:27:17','2021-07-18 15:35:43'),(20,59,1,40,'Voluptates similique aut molestiae tempore perspiciatis. Consequuntur maiores eius itaque aspernatur ab sit. Consequatur expedita vel ea deleniti dolor. Omnis dolor deserunt sed vel.',10,17,94,29,'2018-08-18 14:23:12','2021-07-18 15:35:43'),(21,18,1,76,'Occaecati iste vero voluptatem quas est quisquam aut. Sapiente non aut ea minus minima sint rem voluptas. Nulla voluptatum ad vitae doloribus est. Eveniet nam consequatur ullam dolor.',5,52,34,50,'2018-12-25 09:18:31','2021-07-18 15:35:43'),(22,11,2,58,'Odio aliquid enim quibusdam provident et ex. Nihil est qui et qui sint illum voluptate. Qui rem dolor velit officia. Quidem corporis numquam inventore id dicta tempore nostrum.',8,7,87,61,'2020-10-09 05:53:34','2021-07-18 15:35:43'),(23,2,2,63,'Commodi sed soluta animi sed. Sequi qui ut nihil corporis. Qui sed id quo dolores eos. Sapiente tenetur fuga dolorem minus a voluptatem est.',1,79,31,56,'2017-07-17 21:07:14','2021-07-18 15:35:43'),(24,75,1,40,'Id ducimus veritatis reiciendis minima. Similique laudantium dolore quia omnis earum velit repellendus. Asperiores quidem aut velit reiciendis. Porro aut veniam et eum.',5,74,93,96,'2012-05-14 00:17:22','2021-07-18 15:35:43'),(25,67,2,11,'Nesciunt ea quo laboriosam nemo sapiente. Sint impedit fuga maiores. Vel quis expedita sint corporis voluptatem. Sit atque velit unde.',11,32,73,13,'2019-08-18 03:18:05','2021-07-18 15:35:43'),(26,12,2,33,'Aut qui labore excepturi vero porro. Voluptatem cum consectetur et corporis. Ipsam culpa tempore quae et doloremque dolor voluptas. Odio dolorem ratione voluptas minus at est.',1,37,84,75,'2013-02-28 18:10:56','2021-07-18 15:35:43'),(27,57,2,34,'Enim rerum quia eligendi ex itaque optio non. Nobis autem nesciunt nihil. Voluptatem debitis est voluptate commodi qui cum. Facilis nobis voluptatem ut ut aliquid nisi commodi.',8,90,100,34,'2015-11-21 02:28:22','2021-07-18 15:35:43'),(28,51,1,68,'Fuga quia illum est modi. Modi nisi architecto deleniti est esse aut. Rerum eum velit sit vero. Quam eaque et ut ad veniam vel quos.',11,37,49,47,'2020-10-21 07:19:21','2021-07-18 15:35:43'),(29,80,1,39,'Laudantium velit accusantium sit et. Qui nihil tempora in minima. Tenetur magnam fugiat facere placeat saepe odio distinctio.',7,15,43,33,'2013-10-17 08:03:06','2021-07-18 15:35:43'),(30,48,1,92,'Voluptas quis minus at et nostrum. Sequi tempore ipsam labore ratione nihil. Quia dolorem atque nihil illum voluptate.',3,63,67,21,'2020-06-13 13:37:38','2021-07-18 15:35:43'),(31,100,2,41,'Quisquam earum et distinctio aut sed. Quo qui officiis molestiae provident et. Magnam omnis reprehenderit voluptas rerum. Quis fugit excepturi quia vero ea quas.',6,68,7,7,'2018-09-06 15:00:29','2021-07-18 15:35:43'),(32,56,1,27,'Error magni qui aspernatur nobis architecto. Sed magni culpa velit consequatur eius hic quisquam eveniet. Unde dolorem in dolorem aperiam. Debitis eos et voluptatem amet eveniet ea facere.',7,52,32,71,'2015-04-18 22:13:13','2021-07-18 15:35:43'),(33,79,1,11,'Dolorem non est quis corporis aut neque ea. Odit sed sit nobis aut provident dolor iste. Non enim ab quia id aspernatur quis. Non velit similique maiores quo quia exercitationem vitae vel.',4,54,38,33,'2019-03-28 10:37:24','2021-07-18 15:35:43'),(34,27,1,77,'Ut similique nulla quia voluptatum fuga. Error necessitatibus possimus numquam harum. Repellat voluptatem voluptate quo tempora eveniet. Voluptate earum impedit vel et.',11,14,95,53,'2013-03-12 23:21:10','2021-07-18 15:35:43'),(35,98,1,48,'Delectus est accusamus et totam explicabo et. Tempora quae velit dignissimos praesentium quaerat nobis alias. Aliquam harum molestias velit unde magnam ipsum.',8,8,60,65,'2018-02-05 10:25:14','2021-07-18 15:35:43'),(36,6,1,9,'Excepturi vel sunt explicabo accusamus ad aut dolorum. Reiciendis dignissimos nostrum odit et corrupti labore. Sit labore laborum et eaque ratione incidunt quisquam.',8,97,15,64,'2012-02-04 10:33:55','2021-07-18 15:35:43'),(37,39,2,3,'Recusandae aut fugiat ratione aut quos. Asperiores cum ut hic consequatur. Aut officia in laborum autem et consequuntur illo.',12,61,94,26,'2012-02-23 01:14:10','2021-07-18 15:35:43'),(38,74,1,87,'Qui occaecati quod sit in vel. Libero eaque ullam odio reiciendis iusto qui nisi. Quisquam architecto quia et quisquam qui.',2,13,25,36,'2019-10-28 12:37:17','2021-07-18 15:35:43'),(39,53,2,23,'Magnam hic facilis molestiae. Eum atque quibusdam minus deleniti odit ab. In ipsam ea id dicta.',7,82,40,1,'2012-02-15 20:45:56','2021-07-18 15:35:43'),(40,43,1,56,'At perferendis nobis facilis. Suscipit eos nihil distinctio autem.\nQuia ut omnis dolor molestiae molestias ea. Et possimus dignissimos pariatur quia et. Id beatae nisi quo.',7,69,28,98,'2017-10-19 05:20:21','2021-07-18 15:35:43'),(41,54,2,11,'Dolorem ea ipsum deleniti nihil et. Libero quam sit in consequatur veniam aut. Modi perspiciatis et excepturi. Omnis omnis autem tempore quod occaecati consequatur maiores asperiores.',1,98,17,88,'2020-03-20 05:37:34','2021-07-18 15:35:43'),(42,41,2,87,'Dolor et odit voluptates numquam. Est totam sint alias ratione quae eaque fuga. Delectus atque ut numquam dicta autem. Eos et velit magnam odit eveniet.',8,84,1,43,'2012-08-16 06:13:58','2021-07-18 15:35:43'),(43,44,2,2,'Dolores odit delectus velit. In eaque repellendus rerum aut ipsam iure. Id aut atque eos et non quae sunt et. Voluptatem in aperiam voluptatem sint esse qui.',1,24,54,50,'2013-05-06 10:00:11','2021-07-18 15:35:43'),(44,95,1,49,'Fugiat temporibus culpa aut tempore illum sit. Fuga corporis amet alias voluptas magnam. Aut totam voluptatem et consequatur facilis sapiente sint perspiciatis.',6,70,65,21,'2013-01-01 10:37:26','2021-07-18 15:35:43'),(45,44,2,37,'Sint quod ut quam quas delectus. Itaque quo ut atque consectetur voluptas. Quibusdam iste dolor pariatur numquam. Laudantium assumenda ut quidem est et voluptas.',11,76,63,56,'2016-11-03 07:52:41','2021-07-18 15:35:43'),(46,35,1,36,'Eaque sunt laudantium sed velit quam a iste. Rerum laudantium repudiandae repellat sed. Velit praesentium rerum aperiam dolores. Corporis ut modi debitis est nam sit.',2,68,18,17,'2019-06-01 05:51:51','2021-07-18 15:35:43'),(47,40,1,72,'Doloremque nesciunt exercitationem nisi quis perspiciatis. Non et voluptatem quia aut consectetur nisi. Mollitia sequi quasi sint cumque totam earum consectetur vero. Quas laborum assumenda neque ut.',11,12,1,14,'2016-03-13 17:52:59','2021-07-18 15:35:43'),(48,96,2,50,'Sed tempora est at eum. Dolorem ut repellat accusamus ut maxime. Necessitatibus sed accusamus rerum sit ut vero. Quod molestiae quos enim et ut ut temporibus.',1,55,52,21,'2017-05-16 16:41:36','2021-07-18 15:35:43'),(49,57,1,31,'Voluptatem veritatis eligendi et ab ut amet suscipit. Rem nemo nesciunt distinctio qui est nulla sunt. Expedita perferendis ipsa omnis quidem et in. Dolorem et rem illo dignissimos.',6,39,58,63,'2013-12-10 12:47:16','2021-07-18 15:35:43'),(50,100,2,8,'Voluptatibus illum in laborum deserunt. Et ducimus id consequatur consequuntur iusto. Id reprehenderit facilis sunt.',6,28,30,49,'2016-06-12 23:29:49','2021-07-18 15:35:43'),(51,26,2,44,'Voluptatem inventore facilis dolor et dolores inventore. Omnis ipsum maxime deleniti dicta quis.',9,24,76,56,'2020-03-17 21:14:08','2021-07-18 15:35:43'),(52,31,2,97,'Unde modi accusamus maiores recusandae. Molestias aut assumenda neque quidem. Enim voluptatem ad enim hic nisi modi qui.',4,34,91,34,'2012-12-03 14:24:10','2021-07-18 15:35:43'),(53,74,2,53,'Temporibus aliquam molestias quas ipsa in deserunt iure. Ex quia natus voluptates qui. Aut et architecto aliquam sed magnam.',3,100,25,1,'2014-09-11 03:42:14','2021-07-18 15:35:43'),(54,80,2,73,'Autem enim itaque enim est. Sequi voluptate possimus quia possimus fugiat vitae. Numquam eum veniam ut tempora.',3,97,53,1,'2017-12-22 13:18:04','2021-07-18 15:35:43'),(55,75,1,7,'Non commodi pariatur ut quis. Sit est autem enim hic quia. Et quia blanditiis ut ullam. Sed velit voluptatem veniam. Omnis cum cum architecto rerum.',4,83,90,2,'2019-03-22 12:51:57','2021-07-18 15:35:43'),(56,33,2,14,'Aut a eum quaerat. Voluptas ea repudiandae voluptas molestiae.',10,24,91,9,'2014-10-26 21:35:17','2021-07-18 15:35:43'),(57,42,1,47,'Dolor aperiam consequatur voluptatem natus id quidem. Sunt at id provident sequi. Quo quod amet deserunt.',3,69,83,35,'2020-06-02 08:15:42','2021-07-18 15:35:43'),(58,12,2,96,'Dolore mollitia repudiandae esse rerum. Voluptas omnis placeat nihil ut maiores. Corrupti magni qui et iste nam molestias.',10,75,40,49,'2012-02-23 23:15:46','2021-07-18 15:35:43'),(59,31,1,36,'Tenetur corporis provident aut suscipit. Molestias tenetur ducimus qui aut. Repudiandae culpa nobis velit et quo.',3,68,51,40,'2019-10-18 03:08:14','2021-07-18 15:35:43'),(60,19,2,92,'Libero alias tempora cumque iusto ipsam aut harum. Est nostrum sit cum doloribus ipsam. Et cupiditate odit rerum velit. Dolore fugiat odio repellat sapiente.',7,12,36,51,'2015-04-05 01:35:42','2021-07-18 15:35:43'),(61,3,2,51,'Quia molestias voluptas minus nobis. Eum repellendus quisquam iste placeat molestiae tempora. Ut quis et corrupti autem vero eius.',1,58,26,36,'2020-05-17 00:17:06','2021-07-18 15:35:43'),(62,56,2,79,'Eum atque asperiores fugit sunt minus fugit. Nihil est delectus atque omnis.',9,54,23,26,'2015-08-01 16:27:25','2021-07-18 15:35:43'),(63,72,2,40,'Quia nihil deleniti eum sed explicabo aliquid. Doloribus voluptatem quia itaque commodi. Perspiciatis dolore ullam hic provident id et. Quas eveniet voluptate dignissimos exercitationem ut sequi.',6,93,34,23,'2021-06-23 08:06:50','2021-07-18 15:35:43'),(64,92,1,63,'Voluptatem veritatis eos dolorem reiciendis. Qui similique qui eos omnis reiciendis accusamus qui. Consequatur quae deleniti et fuga minus libero vero aut.',1,4,3,35,'2014-12-26 15:26:20','2021-07-18 15:35:43'),(65,44,2,96,'Officia fugiat dicta omnis esse corrupti. Error est expedita aut eum. Temporibus adipisci assumenda velit consequatur.',9,41,10,7,'2015-11-14 10:09:20','2021-07-18 15:35:43'),(66,41,1,90,'Debitis quae non mollitia labore repellat nemo. Est aut est nisi dolore magni ipsa omnis.',8,94,43,29,'2018-07-05 10:25:42','2021-07-18 15:35:43'),(67,72,1,59,'Rerum consequatur ratione fuga distinctio illum nostrum voluptatum perspiciatis. Inventore provident odit nihil ullam nostrum voluptates voluptas accusamus.',1,43,84,24,'2019-08-14 12:35:49','2021-07-18 15:35:43'),(68,36,2,27,'Sit aut consectetur unde modi nemo. Cumque ratione qui aliquam dolorem. Cupiditate perferendis officia et harum sapiente expedita. Quam nam quis qui rem.',3,35,91,33,'2019-10-29 20:59:30','2021-07-18 15:35:43'),(69,64,2,56,'Deleniti molestiae eligendi ut ut ea soluta. Ipsum quidem tempore ad reiciendis praesentium et.',2,44,100,90,'2017-01-16 18:04:40','2021-07-18 15:35:43'),(70,13,1,97,'Recusandae adipisci eos rerum nam. In non repellendus eius similique est sunt. Et neque fugit ipsum nam nisi fugit harum.',10,14,28,52,'2019-04-09 05:28:46','2021-07-18 15:35:43'),(71,73,2,20,'Eius debitis consectetur voluptatem ducimus perferendis ipsa sequi ab. Rerum quis aut ut officia recusandae praesentium. Et et delectus aliquam consequatur occaecati quia.',7,39,39,88,'2016-10-31 21:13:14','2021-07-18 15:35:43'),(72,26,1,6,'Unde a ut sequi nihil sint rerum aut. Consequuntur molestiae modi aut et sed in cum. Et quod dolor nam animi delectus voluptatem totam.',4,51,11,84,'2020-10-06 17:13:03','2021-07-18 15:35:43'),(73,10,1,72,'Sed occaecati et repudiandae rerum quibusdam. Dolorem magni et nihil in iste deserunt. Natus dolorum voluptas quibusdam consequuntur assumenda. Autem qui voluptas quo et.',1,38,39,55,'2021-03-23 21:06:31','2021-07-18 15:35:43'),(74,72,2,41,'Fugiat commodi dolor deleniti id illum. Non et consequatur aut numquam in sunt. Est nemo perferendis aliquid aspernatur. Et ea quia illum et rerum aliquid.',3,35,62,22,'2011-09-12 02:31:20','2021-07-18 15:35:43'),(75,27,2,90,'Eveniet et voluptatem deserunt laudantium nesciunt vitae. Quia autem iusto repellendus exercitationem voluptatibus qui voluptatem quo.',10,62,90,44,'2015-01-23 15:42:48','2021-07-18 15:35:43'),(76,19,1,24,'Dicta sed nemo ab odio asperiores rerum aut. Ipsum doloremque occaecati aut modi. Ea omnis ex perspiciatis dolorem nostrum. Nobis perspiciatis et inventore possimus.',7,4,65,54,'2016-10-18 03:06:56','2021-07-18 15:35:43'),(77,14,1,51,'Consequuntur et sit aut et incidunt ex. Consequuntur rem adipisci eos quidem quis odio accusamus vitae. Cum culpa nemo ipsum unde. Incidunt nulla ex perspiciatis vitae ut culpa omnis fuga.',6,33,53,38,'2015-08-15 13:15:06','2021-07-18 15:35:43'),(78,14,1,83,'Excepturi accusantium ea voluptatem recusandae voluptatem. Beatae provident commodi sint eos praesentium fugiat. Explicabo amet sed atque voluptatem enim esse.',5,53,68,27,'2021-05-01 01:40:11','2021-07-18 15:35:43'),(79,27,2,63,'Et rerum neque recusandae quas deserunt nihil ad. Aut expedita odio ipsa aut nihil aut totam. Molestiae dolores reiciendis blanditiis nam. Sit facere voluptatum ipsam natus.',9,64,83,22,'2013-02-20 01:56:33','2021-07-18 15:35:43'),(80,92,2,62,'Hic amet aut aliquam. Sint odio vero culpa consectetur placeat. Ipsum qui molestiae porro incidunt tempora et. Sapiente dignissimos itaque sed quis.',3,63,11,29,'2013-09-28 18:09:46','2021-07-18 15:35:43'),(81,79,2,22,'Nobis sit quasi ab. Animi exercitationem excepturi eos placeat. Quasi vitae alias et voluptates.',2,19,3,76,'2020-04-29 14:32:05','2021-07-18 15:35:43'),(82,17,2,23,'Nesciunt et distinctio suscipit maiores. Eius excepturi rerum vitae. Ut tempora aut doloribus consequatur minima et sit nesciunt.',12,9,83,95,'2021-04-12 02:42:58','2021-07-18 15:35:43'),(83,49,1,48,'Nam iusto sit omnis modi. Error fugit cum ab ut. Est harum quas harum.',5,85,7,46,'2013-06-21 21:14:26','2021-07-18 15:35:43'),(84,92,2,70,'Dolor omnis rem est sit. Incidunt nulla itaque et id omnis. Quia earum repellat illo voluptatum omnis cupiditate.',1,99,86,43,'2014-08-05 01:25:42','2021-07-18 15:35:43'),(85,13,2,7,'Soluta aut quis autem illo. Quo omnis libero et quidem recusandae mollitia. Ipsum voluptatem autem suscipit voluptas facere aut.',11,38,6,79,'2011-10-19 03:02:53','2021-07-18 15:35:43'),(86,90,2,26,'Aut ducimus vitae amet ut non. Consequatur et aut autem molestias eius cupiditate. Et et voluptas pariatur corrupti necessitatibus eos iste.',7,92,73,63,'2016-03-16 01:25:26','2021-07-18 15:35:43'),(87,9,2,6,'Corporis a hic quas suscipit harum voluptatem et. Ut quibusdam consequuntur accusamus et officiis qui eligendi cumque. Qui iusto corporis veritatis voluptatem consequatur distinctio.',10,47,47,78,'2020-10-27 16:15:17','2021-07-18 15:35:43'),(88,76,2,53,'Nobis dolorem sunt tenetur assumenda. Nulla ut illum recusandae exercitationem sit explicabo. Quod aut aut consectetur qui error. Corporis dolorem sequi sint laborum iste.',8,60,17,1,'2018-02-09 10:44:35','2021-07-18 15:35:43'),(89,51,2,47,'Reprehenderit voluptas eligendi laboriosam itaque doloremque. Sapiente nisi aut quis. Qui eos et nobis qui quae.',8,57,40,72,'2016-08-02 08:16:13','2021-07-18 15:35:43'),(90,27,1,73,'Illum enim qui accusamus dignissimos. Cum recusandae blanditiis ea quo. Consequuntur necessitatibus et inventore in molestiae suscipit quod harum.',4,4,52,56,'2021-02-17 00:08:13','2021-07-18 15:35:43'),(91,81,1,25,'Molestiae sint eligendi in voluptatem eaque quia. Facere corrupti molestiae et aut repellat a nisi.',7,50,37,64,'2016-03-13 00:02:19','2021-07-18 15:35:43'),(92,24,2,5,'Accusantium rerum consequatur iste quisquam voluptas recusandae. Ducimus qui porro commodi reprehenderit et. Mollitia vel sapiente ut et delectus quis. Dignissimos aut illum non placeat.',11,37,28,51,'2014-09-16 23:42:55','2021-07-18 15:35:43'),(93,78,2,50,'Vel quis in commodi id qui quia. Consequatur voluptatem laudantium beatae eum.',10,36,29,62,'2016-02-18 19:31:50','2021-07-18 15:35:43'),(94,16,2,36,'Dicta repellat vel provident corrupti. Voluptas vel quod quia voluptatem blanditiis iure. Non qui neque atque et.',6,69,59,59,'2018-09-12 19:29:05','2021-07-18 15:35:43'),(95,44,1,29,'Nulla quas sed vero distinctio ad quos. Ut officiis dolor iure at est non. Est tempore magnam quam quod.',9,36,8,5,'2018-01-01 19:17:44','2021-07-18 15:35:43'),(96,73,1,36,'Vel est enim ratione. Hic omnis et debitis. Quia aut eius explicabo sit inventore ex est.',4,74,63,50,'2012-12-23 12:46:47','2021-07-16 23:29:29'),(97,31,2,93,'Sit ut omnis voluptatum. Et laboriosam culpa soluta consequuntur neque voluptas. Ut sed cum voluptas reprehenderit fugit.',5,60,89,32,'2012-08-31 21:33:20','2021-07-18 15:35:43'),(98,37,2,55,'Voluptatem sunt minima quia repellendus perferendis quia incidunt. Quidem iure sit quidem pariatur. Repellat non ut ea iusto. Id qui quia minus sit alias et accusamus.',12,77,58,11,'2016-12-19 09:38:47','2021-07-18 15:35:43'),(99,89,2,95,'Sit dolores repellendus eum adipisci iste. At adipisci adipisci molestiae. Itaque minus voluptatem ut.',8,4,21,60,'2012-09-15 23:10:11','2021-07-18 15:35:43'),(100,36,2,11,'Et voluptas perferendis debitis cum non voluptatem quidem. Commodi ducimus eum iste sed. Ipsum animi quos amet provident. Nihil delectus placeat dolorum recusandae deleniti omnis tempore.',4,88,32,64,'2013-04-01 08:50:58','2021-07-18 15:35:43');
/*!40000 ALTER TABLE `profiles` ENABLE KEYS */;
UNLOCK TABLES;

--
-- Table structure for table `religion`
--

DROP TABLE IF EXISTS `religion`;
/*!40101 SET @saved_cs_client     = @@character_set_client */;
/*!50503 SET character_set_client = utf8mb4 */;
CREATE TABLE `religion` (
  `id` int unsigned NOT NULL AUTO_INCREMENT,
  `name` varchar(100) CHARACTER SET utf8mb4 COLLATE utf8mb4_unicode_ci NOT NULL,
  `created_at` datetime DEFAULT CURRENT_TIMESTAMP,
  `updated_at` datetime DEFAULT CURRENT_TIMESTAMP ON UPDATE CURRENT_TIMESTAMP,
  PRIMARY KEY (`id`)
) ENGINE=InnoDB AUTO_INCREMENT=13 DEFAULT CHARSET=utf8mb4 COLLATE=utf8mb4_unicode_ci;
/*!40101 SET character_set_client = @saved_cs_client */;

--
-- Dumping data for table `religion`
--

LOCK TABLES `religion` WRITE;
/*!40000 ALTER TABLE `religion` DISABLE KEYS */;
INSERT INTO `religion` VALUES (1,'Zoroastrianism','2021-07-16 22:51:55','2021-07-16 22:51:55'),(2,'Hinduism','2021-07-16 22:51:55','2021-07-16 22:51:55'),(3,'Ancient Egyptian religion','2021-07-16 22:51:55','2021-07-16 22:51:55'),(4,'Judaism','2021-07-16 22:51:55','2021-07-16 22:51:55'),(5,'Christianity','2021-07-16 22:51:55','2021-07-16 22:51:55'),(6,'Islam','2021-07-16 22:51:55','2021-07-16 22:51:55'),(7,'Sikhism','2021-07-16 22:51:55','2021-07-16 22:51:55'),(8,'Buddhism','2021-07-16 22:51:55','2021-07-16 22:51:55'),(9,'Shintoism','2021-07-16 22:51:55','2021-07-16 22:51:55'),(10,'Taoism','2021-07-16 22:51:55','2021-07-16 22:51:55'),(11,'Confucianism','2021-07-16 22:51:55','2021-07-16 22:51:55'),(12,'Slavic paganism','2021-07-16 22:51:55','2021-07-16 22:51:55');
/*!40000 ALTER TABLE `religion` ENABLE KEYS */;
UNLOCK TABLES;

--
-- Table structure for table `shool`
--

DROP TABLE IF EXISTS `shool`;
/*!40101 SET @saved_cs_client     = @@character_set_client */;
/*!50503 SET character_set_client = utf8mb4 */;
CREATE TABLE `shool` (
  `id` int unsigned NOT NULL AUTO_INCREMENT,
  `start_year` date DEFAULT NULL,
  `graduation_year` date DEFAULT NULL,
  `name` varchar(100) CHARACTER SET utf8mb4 COLLATE utf8mb4_unicode_ci NOT NULL,
  `created_at` datetime DEFAULT CURRENT_TIMESTAMP,
  `updated_at` datetime DEFAULT CURRENT_TIMESTAMP ON UPDATE CURRENT_TIMESTAMP,
  PRIMARY KEY (`id`)
) ENGINE=InnoDB AUTO_INCREMENT=101 DEFAULT CHARSET=utf8mb4 COLLATE=utf8mb4_unicode_ci;
/*!40101 SET character_set_client = @saved_cs_client */;

--
-- Dumping data for table `shool`
--

LOCK TABLES `shool` WRITE;
/*!40000 ALTER TABLE `shool` DISABLE KEYS */;
INSERT INTO `shool` VALUES (1,'1995-04-18','2002-02-18','quisquam','2014-06-19 03:40:37','2017-06-14 11:35:10'),(2,'2018-08-23','2021-07-16','quia','2013-06-21 13:20:32','2021-07-16 22:56:20'),(3,'2013-10-22','2021-07-16','magni','2013-12-04 05:41:50','2021-07-16 22:56:20'),(4,'2000-07-07','2003-02-17','ipsum','2016-09-15 12:38:53','2021-07-16 22:56:23'),(5,'2016-10-09','2021-07-16','est','2013-02-18 12:43:48','2021-07-16 22:56:20'),(6,'2005-10-29','2021-07-16','reprehenderit','2021-05-28 05:59:00','2021-07-16 22:56:20'),(7,'2016-03-07','2021-07-16','qui','2018-06-22 10:47:59','2021-07-16 22:56:20'),(8,'1995-12-16','2021-07-16','aperiam','2017-08-15 17:49:23','2021-07-16 22:56:20'),(9,'2007-06-16','2021-07-16','natus','2015-06-24 00:54:16','2021-07-16 22:56:20'),(10,'1999-03-10','2004-07-03','velit','2012-07-05 21:41:35','2020-05-16 09:38:03'),(11,'1998-08-18','2021-07-16','nihil','2016-04-02 19:16:32','2021-07-16 22:56:20'),(12,'1989-12-25','2021-07-16','eligendi','2015-09-04 12:55:24','2021-07-16 22:56:20'),(13,'2020-02-17','2021-07-16','dolorem','2017-01-19 02:21:17','2021-07-16 22:56:20'),(14,'1992-06-20','2017-10-27','velit','2014-02-14 19:23:27','2021-07-16 22:56:23'),(15,'2004-08-31','2013-01-29','sed','2013-06-03 13:27:47','2020-01-20 15:41:22'),(16,'1978-10-13','2013-10-23','illum','2017-02-10 02:42:05','2021-07-16 22:56:23'),(17,'2008-09-27','2014-02-25','ea','2020-11-22 18:58:58','2021-07-16 22:56:23'),(18,'1988-11-10','2013-02-13','magni','2015-11-23 20:16:08','2020-01-20 10:42:58'),(19,'1995-03-27','2006-06-17','aut','2020-07-25 14:57:53','2021-07-16 22:56:23'),(20,'1973-04-13','1989-04-10','et','2020-12-30 14:24:40','2021-07-16 22:56:23'),(21,'2003-02-28','2021-07-16','quo','2012-09-19 08:22:47','2021-07-16 22:56:20'),(22,'1976-02-03','1988-05-08','aut','2018-01-16 12:24:17','2021-07-16 22:56:23'),(23,'1983-04-15','2003-02-16','aut','2014-03-01 04:51:04','2020-02-23 03:55:54'),(24,'2000-11-04','2021-07-16','accusamus','2018-02-11 11:06:30','2021-07-16 22:56:20'),(25,'1984-04-25','2009-12-08','repellendus','2017-10-10 21:40:08','2017-12-05 04:47:25'),(26,'1997-04-11','2021-07-16','quidem','2018-02-03 00:20:27','2021-07-16 22:56:20'),(27,'1983-12-13','2014-05-12','officia','2021-02-16 19:40:11','2021-07-16 22:56:23'),(28,'1990-02-06','2021-07-16','qui','2016-11-30 19:31:55','2021-07-16 22:56:20'),(29,'1996-08-23','2021-07-16','aut','2018-10-31 20:01:38','2021-07-16 22:56:20'),(30,'2002-10-12','2021-07-16','veniam','2017-10-29 07:50:10','2021-07-16 22:56:20'),(31,'1973-11-13','2010-05-26','id','2017-01-14 20:10:03','2020-04-01 13:34:28'),(32,'1980-10-13','2021-07-16','recusandae','2019-04-17 22:23:03','2021-07-16 22:56:20'),(33,'1984-10-02','2016-02-07','dolor','2013-12-03 23:45:10','2020-04-14 01:25:27'),(34,'2006-03-15','2014-11-29','a','2017-06-20 14:09:09','2021-06-24 01:46:56'),(35,'2004-08-06','2021-07-16','vel','2018-07-21 20:44:35','2021-07-16 22:56:20'),(36,'2019-12-31','2021-07-16','minima','2011-11-15 00:18:50','2021-07-16 22:56:20'),(37,'2011-07-10','2014-10-11','nihil','2018-05-22 12:52:17','2021-07-16 22:56:23'),(38,'2019-05-12','2021-07-16','saepe','2020-11-02 23:18:20','2021-07-16 22:56:20'),(39,'2009-08-14','2021-07-16','voluptatem','2020-12-11 22:24:53','2021-07-16 22:56:20'),(40,'2004-09-05','2021-07-16','nobis','2021-05-11 21:27:50','2021-07-16 22:56:20'),(41,'2013-12-30','2021-07-16','ea','2013-07-09 19:09:11','2021-07-16 22:56:20'),(42,'2012-04-22','2021-07-16','sint','2016-05-11 22:56:25','2021-07-16 22:56:20'),(43,'2006-03-19','2021-07-16','totam','2018-02-06 09:27:36','2021-07-16 22:56:20'),(44,'1984-11-13','2021-07-16','sint','2020-12-19 15:04:39','2021-07-16 22:56:20'),(45,'2020-10-12','2021-07-16','reiciendis','2018-03-05 13:55:56','2021-07-16 22:56:20'),(46,'2003-08-29','2016-01-05','consequatur','2017-04-06 08:53:15','2019-03-06 12:01:06'),(47,'2011-11-06','2021-07-16','nostrum','2013-10-09 08:19:45','2021-07-16 22:56:20'),(48,'2012-05-14','2019-04-12','quasi','2012-10-03 20:15:01','2016-04-09 16:27:10'),(49,'1997-11-02','2021-07-16','ad','2017-11-08 16:41:07','2021-07-16 22:56:20'),(50,'1979-03-24','2004-05-29','nisi','2016-11-02 07:20:29','2021-04-30 02:53:12'),(51,'1990-08-13','1991-02-05','nesciunt','2016-09-13 04:41:26','2021-07-16 22:56:23'),(52,'2005-06-27','2021-07-16','reprehenderit','2014-02-24 04:34:44','2021-07-16 22:56:20'),(53,'2010-09-18','2021-07-16','ut','2016-12-06 17:46:27','2021-07-16 22:56:20'),(54,'2012-06-11','2021-07-16','nihil','2015-12-03 16:19:23','2021-07-16 22:56:20'),(55,'2000-12-31','2001-10-14','dolorem','2012-09-05 14:39:31','2013-06-13 14:34:03'),(56,'2016-03-22','2021-07-16','in','2017-02-18 10:34:11','2021-07-16 22:56:20'),(57,'1992-12-18','1994-07-18','unde','2013-05-10 01:47:05','2014-12-31 02:56:05'),(58,'2000-02-08','2021-07-16','sit','2018-12-31 05:49:17','2021-07-16 22:56:20'),(59,'2006-05-17','2021-07-16','vel','2020-06-09 09:04:47','2021-07-16 22:56:20'),(60,'1994-04-11','2021-07-16','amet','2021-05-30 09:28:40','2021-07-16 22:56:20'),(61,'2021-06-30','2021-07-16','non','2016-12-01 17:02:13','2021-07-16 22:56:20'),(62,'1975-01-06','1979-06-21','quis','2014-09-13 04:42:44','2021-07-16 22:56:23'),(63,'2009-02-08','2021-07-16','maiores','2019-11-19 10:19:07','2021-07-16 22:56:20'),(64,'1973-10-20','2009-04-27','laudantium','2021-01-28 13:50:22','2021-07-16 22:56:23'),(65,'1992-10-22','2018-05-09','numquam','2019-06-03 22:39:30','2021-07-16 22:56:23'),(66,'2004-01-10','2021-07-16','voluptas','2020-02-27 11:05:48','2021-07-16 22:56:20'),(67,'2003-09-25','2008-12-09','nihil','2016-07-31 20:29:48','2018-10-26 01:57:55'),(68,'2020-02-28','2021-07-16','architecto','2015-03-06 13:39:36','2021-07-16 22:56:20'),(69,'1972-12-31','1992-08-06','architecto','2014-10-19 13:35:59','2021-07-16 22:56:23'),(70,'2018-09-08','2021-07-16','vitae','2017-10-31 18:47:27','2021-07-16 22:56:20'),(71,'1981-09-01','2015-12-14','sapiente','2017-07-26 13:37:50','2018-09-21 21:07:59'),(72,'1976-06-10','1999-04-27','voluptatibus','2018-12-03 03:49:03','2021-07-16 22:56:23'),(73,'2003-08-02','2006-05-26','error','2017-02-20 17:14:42','2019-12-06 10:04:08'),(74,'1976-10-27','2021-07-16','aut','2020-11-26 06:17:05','2021-07-16 22:56:20'),(75,'1977-01-18','2016-07-07','placeat','2016-10-25 13:48:40','2019-09-19 13:41:39'),(76,'2011-05-25','2021-07-16','sunt','2017-02-27 12:36:19','2021-07-16 22:56:20'),(77,'1985-01-04','2021-07-16','modi','2019-05-16 20:07:43','2021-07-16 22:56:20'),(78,'2003-07-01','2021-07-16','voluptates','2019-04-15 14:45:41','2021-07-16 22:56:20'),(79,'1979-04-11','1988-10-17','voluptatem','2013-04-17 04:44:17','2020-10-23 15:48:23'),(80,'2004-03-08','2021-07-16','ut','2012-03-11 23:58:36','2021-07-16 22:56:20'),(81,'2009-07-10','2021-07-16','vero','2013-09-13 02:07:53','2021-07-16 22:56:20'),(82,'2016-09-05','2021-07-16','aperiam','2013-07-21 04:30:06','2021-07-16 22:56:20'),(83,'1972-02-03','2002-11-02','commodi','2016-06-29 17:59:51','2021-07-16 22:56:23'),(84,'1986-02-14','1989-01-19','veritatis','2015-07-28 16:36:01','2020-10-13 02:52:07'),(85,'1999-08-21','2021-07-16','fugiat','2013-01-20 19:44:03','2021-07-16 22:56:20'),(86,'2003-04-24','2021-07-16','consequatur','2013-04-22 21:08:34','2021-07-16 22:56:20'),(87,'2009-09-30','2021-07-16','in','2012-05-05 01:01:25','2021-07-16 22:56:20'),(88,'1972-08-25','1996-01-13','et','2019-08-11 15:16:05','2021-07-16 22:56:23'),(89,'2011-12-27','2021-07-16','facere','2017-01-25 12:22:02','2021-07-16 22:56:20'),(90,'2007-04-11','2007-09-15','maiores','2015-10-23 19:07:00','2021-07-16 22:56:23'),(91,'1988-04-16','2012-08-19','nesciunt','2012-02-06 23:01:57','2015-07-31 11:20:32'),(92,'1992-01-31','2007-07-24','aperiam','2019-02-09 00:50:11','2020-02-12 02:36:34'),(93,'1972-11-25','2009-09-12','omnis','2015-07-09 01:25:31','2017-04-24 22:41:43'),(94,'1973-12-02','1995-12-25','natus','2019-07-08 21:08:31','2021-07-16 22:56:23'),(95,'1971-02-23','1994-07-13','ut','2021-05-13 12:40:14','2021-07-16 22:56:23'),(96,'2021-05-06','2021-07-16','omnis','2018-05-29 10:43:32','2021-07-16 22:56:20'),(97,'2000-12-24','2021-07-16','rerum','2018-06-19 01:02:15','2021-07-16 22:56:20'),(98,'1998-11-12','2021-07-16','perferendis','2016-09-19 14:37:29','2021-07-16 22:56:20'),(99,'2011-02-15','2021-07-16','accusantium','2014-08-24 11:43:19','2021-07-16 22:56:20'),(100,'2021-02-19','2021-07-16','quod','2011-09-05 19:36:48','2021-07-16 22:56:20');
/*!40000 ALTER TABLE `shool` ENABLE KEYS */;
UNLOCK TABLES;

--
-- Table structure for table `street`
--

DROP TABLE IF EXISTS `street`;
/*!40101 SET @saved_cs_client     = @@character_set_client */;
/*!50503 SET character_set_client = utf8mb4 */;
CREATE TABLE `street` (
  `id` int unsigned NOT NULL AUTO_INCREMENT,
  `street` varchar(100) CHARACTER SET utf8mb4 COLLATE utf8mb4_unicode_ci NOT NULL,
  `created_at` datetime DEFAULT CURRENT_TIMESTAMP,
  `updated_at` datetime DEFAULT CURRENT_TIMESTAMP ON UPDATE CURRENT_TIMESTAMP,
  PRIMARY KEY (`id`)
) ENGINE=InnoDB AUTO_INCREMENT=101 DEFAULT CHARSET=utf8mb4 COLLATE=utf8mb4_unicode_ci;
/*!40101 SET character_set_client = @saved_cs_client */;

--
-- Dumping data for table `street`
--

LOCK TABLES `street` WRITE;
/*!40000 ALTER TABLE `street` DISABLE KEYS */;
INSERT INTO `street` VALUES (1,'Austin Bypass','2016-06-19 10:12:09','2020-10-26 16:38:57'),(2,'Andres Route','2018-08-29 22:44:41','2021-07-16 22:53:40'),(3,'Beatrice Parkway','2012-07-22 00:33:11','2019-10-16 07:23:59'),(4,'Dibbert Road','2013-04-16 17:50:19','2021-07-16 22:53:40'),(5,'Kayley Hill','2020-12-27 02:05:14','2021-07-16 22:53:40'),(6,'Gladys Center','2012-01-03 07:45:16','2021-07-16 22:53:40'),(7,'VonRueden Pass','2012-08-08 14:35:01','2021-07-16 22:53:40'),(8,'Sheldon Meadow','2013-08-17 08:08:16','2017-06-26 12:29:37'),(9,'Margarete Forge','2014-11-03 23:37:26','2015-11-21 04:42:16'),(10,'Bailey Square','2012-11-29 18:43:24','2014-08-23 00:30:24'),(11,'Alta Field','2013-05-04 01:26:26','2020-06-22 21:25:48'),(12,'Lavern Center','2021-06-29 06:10:48','2021-07-16 22:53:40'),(13,'Dave Field','2019-12-01 16:54:42','2021-07-16 22:53:40'),(14,'Kuhic Gardens','2020-01-18 18:27:29','2021-07-16 22:53:40'),(15,'Curt Roads','2014-05-17 03:34:51','2016-01-13 20:40:41'),(16,'Melba Stream','2013-01-15 16:51:18','2021-07-16 22:53:40'),(17,'Goodwin Land','2013-06-02 15:00:15','2020-01-01 23:08:16'),(18,'Gerardo Ranch','2017-11-20 13:16:08','2019-09-08 08:52:39'),(19,'Gianni Crossing','2021-06-11 22:00:24','2021-07-16 22:53:40'),(20,'Jaylon Spur','2021-02-11 20:38:31','2021-07-16 22:53:40'),(21,'Oda Village','2020-04-17 00:47:21','2021-07-16 22:53:40'),(22,'Waelchi Springs','2021-07-04 03:38:53','2021-07-16 22:53:40'),(23,'Ratke Park','2020-08-21 04:59:34','2021-07-16 22:53:40'),(24,'Marion Cape','2018-08-31 01:00:36','2021-07-16 22:53:40'),(25,'Lon Via','2013-07-16 04:04:23','2017-08-04 04:21:28'),(26,'Libbie Rue','2013-01-16 20:37:52','2016-11-26 17:52:51'),(27,'Josianne Square','2013-09-20 06:31:42','2015-07-28 20:39:15'),(28,'Emerson Locks','2013-02-11 18:40:47','2021-07-16 22:53:40'),(29,'Halle Fort','2011-12-28 06:45:30','2015-03-26 08:52:03'),(30,'Macie Shore','2014-09-04 04:23:26','2020-01-10 03:19:36'),(31,'Marcia Mission','2016-03-13 13:10:08','2017-08-10 06:02:38'),(32,'Bednar Wall','2017-01-04 05:50:46','2021-07-16 22:53:40'),(33,'Ethan Landing','2020-07-28 13:39:55','2021-07-16 22:53:40'),(34,'Geovanny Locks','2018-03-13 10:07:23','2021-07-16 22:53:40'),(35,'Luciano Meadows','2011-11-13 09:02:01','2018-05-05 06:50:52'),(36,'Collier Manors','2017-07-25 20:01:34','2021-07-16 22:53:40'),(37,'Lucy Keys','2018-01-04 18:46:51','2021-07-16 22:53:40'),(38,'Vandervort Road','2014-11-06 03:19:59','2021-07-16 22:53:40'),(39,'Heaney Landing','2019-07-16 12:15:02','2021-07-16 22:53:40'),(40,'Francesca Burg','2015-04-05 08:49:42','2021-07-16 22:53:40'),(41,'Corkery Via','2020-06-27 07:34:51','2021-07-16 22:53:40'),(42,'Anjali Center','2017-04-21 03:52:01','2021-07-16 22:53:40'),(43,'Javon Fort','2016-08-08 01:25:30','2021-07-16 22:53:40'),(44,'Stracke Green','2013-10-21 20:44:51','2021-07-16 22:53:40'),(45,'Hamill Village','2016-08-14 13:40:21','2021-07-16 22:53:40'),(46,'Joyce Orchard','2021-04-27 20:39:57','2021-07-16 22:53:40'),(47,'Green Estate','2018-04-23 01:18:52','2018-06-04 08:31:39'),(48,'Bahringer Junctions','2013-11-15 15:16:37','2021-07-16 22:53:40'),(49,'Barrett Ports','2014-03-11 09:04:04','2020-05-02 16:55:16'),(50,'Stiedemann Lights','2016-01-23 20:47:08','2016-07-30 20:28:13'),(51,'Andreane Prairie','2018-10-11 12:47:10','2021-07-16 22:53:40'),(52,'Haag Islands','2019-09-17 16:09:22','2021-07-16 22:53:40'),(53,'Douglas Islands','2015-04-05 06:28:05','2020-05-08 07:30:29'),(54,'Wilma Terrace','2019-09-13 12:43:35','2021-07-16 22:53:40'),(55,'Esperanza Squares','2019-07-07 08:37:40','2021-07-16 22:53:40'),(56,'Harber Camp','2019-12-05 14:49:23','2021-07-16 22:53:40'),(57,'Jacobson Port','2011-12-30 09:48:05','2017-02-22 19:37:20'),(58,'Deon Shoals','2018-12-07 14:23:35','2018-12-16 19:31:58'),(59,'Abshire Turnpike','2013-02-28 11:25:00','2019-11-30 06:45:38'),(60,'Mertie Walk','2013-03-25 16:23:55','2014-03-25 19:15:23'),(61,'Giovanni Falls','2013-05-06 05:28:48','2020-03-05 12:55:55'),(62,'Trycia Plaza','2016-01-17 20:36:40','2021-07-16 22:53:40'),(63,'Marlen Inlet','2013-01-15 03:37:20','2021-07-16 22:53:40'),(64,'Maxwell Roads','2013-08-29 19:24:51','2021-07-16 22:53:40'),(65,'Runolfsson Hill','2021-03-27 03:57:03','2021-07-16 22:53:40'),(66,'O\'Connell Circle','2017-08-17 18:22:52','2017-09-13 07:12:47'),(67,'Blick Coves','2015-09-19 17:14:04','2021-02-02 19:18:33'),(68,'Oceane Estates','2013-04-01 11:39:33','2015-05-17 13:45:03'),(69,'Lenna Pass','2012-04-15 11:48:45','2013-11-21 20:23:13'),(70,'Halvorson Mountains','2020-01-26 16:37:23','2021-07-16 22:53:40'),(71,'Tomasa Parkways','2020-01-14 11:30:39','2021-07-16 22:53:40'),(72,'Gottlieb Walk','2015-08-04 13:57:07','2021-07-16 22:53:40'),(73,'Hilll Heights','2015-11-19 06:39:17','2021-07-16 22:53:40'),(74,'Ryan Spring','2013-10-16 13:09:44','2021-07-16 22:53:40'),(75,'Kertzmann Overpass','2017-11-30 02:48:48','2021-07-16 22:53:40'),(76,'Clint Ports','2014-01-01 17:55:27','2017-03-14 14:13:52'),(77,'Konopelski Road','2018-11-11 22:22:21','2021-07-16 22:53:40'),(78,'Leta Pine','2021-04-01 16:39:32','2021-07-16 22:53:40'),(79,'Kunde Spur','2015-11-13 10:02:35','2021-07-16 22:53:40'),(80,'Ken Bypass','2016-05-24 04:05:12','2021-07-16 22:53:40'),(81,'Barton Well','2019-09-01 12:12:13','2021-07-16 22:53:40'),(82,'Dangelo Passage','2019-03-07 01:21:29','2019-11-30 00:55:54'),(83,'Leonie Landing','2019-11-27 07:23:20','2021-07-16 22:53:40'),(84,'Ruecker Ramp','2015-08-28 08:06:33','2021-07-16 22:53:40'),(85,'Ledner Knolls','2021-07-08 01:03:16','2021-07-16 22:53:40'),(86,'Davis Falls','2016-10-19 02:37:58','2021-07-16 22:53:40'),(87,'Chyna Key','2018-06-30 23:20:16','2018-07-25 22:27:06'),(88,'Swift Lane','2017-11-11 01:20:51','2021-07-16 22:53:40'),(89,'Kyra Coves','2015-12-16 12:17:56','2017-05-26 20:44:38'),(90,'Cassin Terrace','2019-11-01 13:43:45','2021-07-16 22:53:40'),(91,'Robyn Vista','2019-05-28 07:39:48','2019-12-19 04:12:44'),(92,'Conn Lake','2014-05-27 11:50:04','2021-07-16 22:53:40'),(93,'D\'angelo Ranch','2014-09-03 19:41:56','2021-07-16 22:53:40'),(94,'Verona Shores','2014-02-18 07:09:52','2020-12-11 22:25:34'),(95,'Lebsack Hills','2014-04-21 15:37:12','2021-07-16 22:53:40'),(96,'Jennyfer Hills','2021-06-30 00:37:50','2021-07-16 22:53:40'),(97,'Hillary Village','2020-01-21 17:28:59','2021-03-19 09:07:28'),(98,'Rempel Drive','2020-09-18 14:26:17','2021-07-16 22:53:40'),(99,'Jones Throughway','2019-04-09 22:16:34','2021-07-16 22:53:40'),(100,'Kreiger Garden','2018-08-09 00:14:47','2021-07-16 22:53:40');
/*!40000 ALTER TABLE `street` ENABLE KEYS */;
UNLOCK TABLES;

--
-- Table structure for table `target_types`
--

DROP TABLE IF EXISTS `target_types`;
/*!40101 SET @saved_cs_client     = @@character_set_client */;
/*!50503 SET character_set_client = utf8mb4 */;
CREATE TABLE `target_types` (
  `id` int unsigned NOT NULL AUTO_INCREMENT,
  `name` varchar(255) NOT NULL,
  `created_at` datetime DEFAULT CURRENT_TIMESTAMP,
  PRIMARY KEY (`id`),
  UNIQUE KEY `name` (`name`)
) ENGINE=InnoDB AUTO_INCREMENT=5 DEFAULT CHARSET=utf8mb4 COLLATE=utf8mb4_0900_ai_ci;
/*!40101 SET character_set_client = @saved_cs_client */;

--
-- Dumping data for table `target_types`
--

LOCK TABLES `target_types` WRITE;
/*!40000 ALTER TABLE `target_types` DISABLE KEYS */;
INSERT INTO `target_types` VALUES (1,'messages','2021-07-16 23:43:27'),(2,'users','2021-07-16 23:43:27'),(3,'media','2021-07-16 23:43:27'),(4,'posts','2021-07-16 23:43:27');
/*!40000 ALTER TABLE `target_types` ENABLE KEYS */;
UNLOCK TABLES;

--
-- Table structure for table `university`
--

DROP TABLE IF EXISTS `university`;
/*!40101 SET @saved_cs_client     = @@character_set_client */;
/*!50503 SET character_set_client = utf8mb4 */;
CREATE TABLE `university` (
  `id` int unsigned NOT NULL AUTO_INCREMENT,
  `start_year` date DEFAULT NULL,
  `graduation_year` date DEFAULT NULL,
  `name` varchar(100) CHARACTER SET utf8mb4 COLLATE utf8mb4_unicode_ci NOT NULL,
  `created_at` datetime DEFAULT CURRENT_TIMESTAMP,
  `updated_at` datetime DEFAULT CURRENT_TIMESTAMP ON UPDATE CURRENT_TIMESTAMP,
  PRIMARY KEY (`id`)
) ENGINE=InnoDB AUTO_INCREMENT=101 DEFAULT CHARSET=utf8mb4 COLLATE=utf8mb4_unicode_ci;
/*!40101 SET character_set_client = @saved_cs_client */;

--
-- Dumping data for table `university`
--

LOCK TABLES `university` WRITE;
/*!40000 ALTER TABLE `university` DISABLE KEYS */;
INSERT INTO `university` VALUES (1,'2011-04-23','2021-07-16','et','2019-10-23 01:19:13','2021-07-16 22:58:03'),(2,'1986-12-22','2018-04-12','sit','2013-10-08 18:29:09','2017-12-29 23:08:45'),(3,'1982-02-26','2021-07-16','magni','2020-12-17 14:30:02','2021-07-16 22:58:03'),(4,'2020-05-22','2021-07-12','unde','2021-01-10 12:42:48','2021-07-16 22:58:06'),(5,'1977-12-29','2013-09-26','est','2012-05-17 14:35:43','2016-01-07 17:31:42'),(6,'1975-01-02','2005-01-19','quas','2014-08-19 19:43:28','2017-04-21 18:01:50'),(7,'2010-02-27','2021-07-16','autem','2020-02-05 08:21:27','2021-07-16 22:58:03'),(8,'1981-03-08','2021-07-16','non','2020-04-21 04:35:14','2021-07-16 22:58:03'),(9,'2000-02-25','2006-12-16','quia','2012-11-22 10:22:05','2016-09-01 18:29:15'),(10,'1984-10-06','2008-06-12','illo','2018-01-07 09:24:01','2020-03-28 13:29:08'),(11,'2012-03-01','2021-07-16','aliquam','2020-10-29 06:25:06','2021-07-16 22:58:03'),(12,'2015-08-28','2021-07-16','et','2016-07-10 12:03:51','2021-07-16 22:58:03'),(13,'1995-09-13','2021-07-16','sint','2014-08-09 19:08:42','2021-07-16 22:58:03'),(14,'1989-07-18','2009-12-30','omnis','2018-02-27 02:18:39','2021-07-16 22:58:06'),(15,'1982-04-16','1982-12-20','est','2019-09-26 11:39:54','2020-02-05 06:22:08'),(16,'2011-04-14','2021-07-16','ratione','2019-12-22 17:09:00','2021-07-16 22:58:03'),(17,'1997-03-06','2021-07-16','vel','2013-08-05 06:00:18','2021-07-16 22:58:03'),(18,'2004-06-03','2021-07-16','tempora','2017-12-24 12:22:04','2021-07-16 22:58:03'),(19,'1986-05-09','2021-07-16','voluptatem','2020-08-16 19:46:15','2021-07-16 22:58:03'),(20,'1989-10-23','2003-01-20','placeat','2015-08-25 00:30:38','2021-07-16 22:58:06'),(21,'2018-06-24','2021-07-16','nostrum','2013-07-02 14:54:25','2021-07-16 22:58:03'),(22,'1977-08-28','2011-02-09','sed','2017-06-29 08:52:46','2021-07-16 22:58:06'),(23,'2019-11-11','2021-07-16','nihil','2011-07-16 19:37:04','2021-07-16 22:58:03'),(24,'2001-11-06','2009-12-18','odio','2012-10-28 12:19:03','2021-07-16 22:58:06'),(25,'1982-05-08','1988-05-10','rerum','2019-09-09 03:50:11','2021-07-16 22:58:06'),(26,'2007-03-09','2009-04-09','laudantium','2017-08-25 23:56:42','2021-07-16 22:58:06'),(27,'1987-01-03','2021-07-16','sapiente','2018-12-10 08:40:11','2021-07-16 22:58:03'),(28,'1987-07-18','1993-03-27','ea','2012-10-16 01:25:58','2016-09-01 05:35:49'),(29,'1992-08-21','2009-08-24','expedita','2014-11-23 10:45:06','2016-04-25 04:38:47'),(30,'1997-11-20','2021-07-16','asperiores','2013-09-26 00:30:46','2021-07-16 22:58:03'),(31,'1975-10-11','2021-02-28','sunt','2014-02-17 17:11:03','2018-05-02 22:49:33'),(32,'1970-04-04','1974-12-17','aut','2015-05-03 00:44:45','2021-04-06 07:08:08'),(33,'1979-07-19','1986-08-01','accusamus','2018-12-11 13:08:12','2021-07-16 22:58:06'),(34,'2006-06-02','2014-10-08','libero','2018-05-12 19:25:10','2021-03-02 06:46:01'),(35,'2016-06-28','2021-07-16','culpa','2014-07-27 20:08:37','2021-07-16 22:58:03'),(36,'1975-02-02','2021-07-16','cumque','2016-04-04 19:48:04','2021-07-16 22:58:03'),(37,'2021-05-14','2021-07-16','laudantium','2019-10-15 04:39:45','2021-07-16 22:58:03'),(38,'1974-05-18','2001-10-22','vitae','2016-08-30 14:16:15','2021-05-12 20:09:30'),(39,'2001-12-18','2021-07-16','quod','2019-03-19 22:30:01','2021-07-16 22:58:03'),(40,'1971-07-17','1981-05-30','facere','2017-06-29 07:12:31','2020-08-26 08:17:05'),(41,'1972-04-08','1999-06-24','dicta','2021-03-28 18:13:01','2021-07-16 22:58:06'),(42,'2006-05-14','2014-04-24','autem','2014-12-27 19:09:52','2021-07-16 22:58:06'),(43,'1985-11-30','2012-05-14','officiis','2020-03-29 00:31:16','2021-07-16 22:58:06'),(44,'1984-10-29','2011-01-24','ut','2017-07-15 23:04:01','2019-07-13 15:55:33'),(45,'1992-05-13','2021-07-16','deleniti','2013-04-10 17:19:14','2021-07-16 22:58:03'),(46,'2007-03-15','2021-07-16','modi','2016-11-01 21:42:00','2021-07-16 22:58:03'),(47,'1999-11-10','2021-07-16','recusandae','2015-08-18 05:57:19','2021-07-16 22:58:03'),(48,'2013-07-09','2021-07-16','optio','2021-04-09 04:13:31','2021-07-16 22:58:03'),(49,'1973-07-11','1986-04-21','aut','2014-05-31 21:48:21','2014-12-22 00:18:50'),(50,'2005-05-02','2010-08-12','consequatur','2019-04-12 21:39:49','2021-07-16 22:58:06'),(51,'2018-08-05','2021-07-16','blanditiis','2014-07-06 23:59:23','2021-07-16 22:58:03'),(52,'2011-11-13','2021-07-16','distinctio','2012-11-30 21:08:06','2021-07-16 22:58:03'),(53,'1999-07-08','2014-05-14','similique','2017-03-24 08:01:33','2021-07-16 22:58:06'),(54,'1971-09-12','2009-01-25','voluptas','2012-01-24 00:28:11','2016-02-21 12:09:26'),(55,'1971-07-23','2013-02-16','molestiae','2018-01-29 11:35:54','2018-12-22 21:02:42'),(56,'2019-09-30','2021-07-16','vitae','2016-02-13 23:06:44','2021-07-16 22:58:03'),(57,'2010-04-02','2021-07-16','quo','2012-10-29 22:29:08','2021-07-16 22:58:03'),(58,'2010-07-11','2021-07-16','ut','2016-02-10 19:00:05','2021-07-16 22:58:03'),(59,'2007-05-18','2021-07-16','at','2017-12-17 08:50:55','2021-07-16 22:58:03'),(60,'2019-04-22','2021-07-16','labore','2019-06-09 09:56:36','2021-07-16 22:58:03'),(61,'1995-07-12','2019-03-27','quis','2020-07-02 10:35:45','2021-07-16 22:58:06'),(62,'1988-05-29','2013-12-27','iste','2014-05-25 00:04:47','2018-10-05 21:50:13'),(63,'2012-11-02','2017-02-11','aliquam','2018-02-18 18:19:26','2021-07-16 22:58:06'),(64,'1993-12-28','2021-07-16','voluptatum','2012-11-09 10:46:50','2021-07-16 22:58:03'),(65,'1988-06-06','2017-12-04','fugit','2016-02-09 19:03:34','2021-07-16 22:58:06'),(66,'1992-05-22','2012-03-07','quia','2020-04-15 16:08:49','2021-07-16 22:58:06'),(67,'2000-01-04','2021-07-16','provident','2013-12-23 20:17:05','2021-07-16 22:58:03'),(68,'1970-07-13','1989-05-10','occaecati','2012-10-20 06:37:39','2016-10-01 20:42:10'),(69,'1999-08-21','2021-07-16','quo','2014-07-18 01:14:07','2021-07-16 22:58:03'),(70,'2002-05-18','2021-07-16','illum','2012-09-15 08:34:10','2021-07-16 22:58:03'),(71,'2000-06-17','2009-11-12','quibusdam','2013-06-20 08:34:09','2021-07-16 22:58:06'),(72,'2010-08-26','2021-07-16','dolores','2018-10-13 01:16:05','2021-07-16 22:58:03'),(73,'1994-10-18','2021-07-16','rerum','2016-05-08 07:47:05','2021-07-16 22:58:03'),(74,'1986-02-15','2016-05-14','vel','2020-08-19 13:31:26','2021-07-16 22:58:06'),(75,'2015-12-29','2021-07-16','sunt','2019-04-28 05:17:22','2021-07-16 22:58:03'),(76,'1981-10-22','1998-08-12','voluptatem','2019-04-24 23:23:50','2020-10-08 10:18:52'),(77,'1980-04-01','2003-08-13','dolorum','2015-05-18 03:48:16','2021-05-08 06:05:10'),(78,'2020-09-10','2021-07-16','sapiente','2020-04-09 13:21:26','2021-07-16 22:58:03'),(79,'1995-07-19','2021-07-16','eos','2018-12-23 15:19:12','2021-07-16 22:58:03'),(80,'2021-04-22','2021-07-16','nihil','2014-12-17 20:55:29','2021-07-16 22:58:03'),(81,'1975-04-24','2021-07-16','id','2019-11-07 00:53:09','2021-07-16 22:58:03'),(82,'1981-03-19','2021-07-16','sint','2020-07-23 21:54:00','2021-07-16 22:58:03'),(83,'1986-02-15','2019-12-01','porro','2016-08-31 21:40:02','2020-10-21 13:17:45'),(84,'2008-11-11','2010-05-15','nam','2013-12-13 12:01:48','2017-05-05 01:39:20'),(85,'1984-09-18','2020-12-12','aspernatur','2016-12-17 20:56:47','2017-03-18 10:25:55'),(86,'1995-10-11','2021-07-16','et','2015-12-03 05:01:12','2021-07-16 22:58:03'),(87,'1989-10-05','2021-07-16','reprehenderit','2016-03-18 03:41:02','2021-07-16 22:58:03'),(88,'1971-05-16','2014-10-12','minus','2021-07-04 10:41:09','2021-07-16 22:58:06'),(89,'1998-11-04','2021-07-16','cupiditate','2020-02-26 01:16:42','2021-07-16 22:58:03'),(90,'2010-05-22','2021-07-16','consequatur','2015-03-29 20:20:29','2021-07-16 22:58:03'),(91,'2011-07-24','2016-07-23','ea','2017-04-15 09:11:54','2021-07-16 22:58:06'),(92,'1995-10-27','2002-06-11','modi','2012-07-22 16:16:12','2020-11-07 11:30:42'),(93,'2007-07-17','2015-02-19','quas','2020-05-31 05:03:22','2021-07-16 22:58:06'),(94,'1972-10-14','1987-04-14','minus','2017-10-26 18:28:40','2021-07-16 22:58:06'),(95,'2012-03-24','2021-07-16','voluptatem','2018-05-31 05:25:46','2021-07-16 22:58:03'),(96,'2011-08-14','2012-05-16','vel','2012-10-08 02:13:09','2019-12-08 14:27:50'),(97,'2010-11-10','2021-07-16','asperiores','2011-07-28 14:48:26','2021-07-16 22:58:03'),(98,'1994-01-07','2021-07-16','illo','2016-06-07 21:40:13','2021-07-16 22:58:03'),(99,'2012-10-12','2021-07-16','reiciendis','2014-04-03 21:44:29','2021-07-16 22:58:03'),(100,'1980-04-16','2021-07-16','error','2016-07-25 17:20:51','2021-07-16 22:58:03');
/*!40000 ALTER TABLE `university` ENABLE KEYS */;
UNLOCK TABLES;

--
-- Table structure for table `user_statuses`
--

DROP TABLE IF EXISTS `user_statuses`;
/*!40101 SET @saved_cs_client     = @@character_set_client */;
/*!50503 SET character_set_client = utf8mb4 */;
CREATE TABLE `user_statuses` (
  `id` int unsigned NOT NULL AUTO_INCREMENT,
  `name` varchar(100) CHARACTER SET utf8mb4 COLLATE utf8mb4_unicode_ci NOT NULL,
  `created_at` datetime DEFAULT CURRENT_TIMESTAMP,
  `updated_at` datetime DEFAULT CURRENT_TIMESTAMP ON UPDATE CURRENT_TIMESTAMP,
  PRIMARY KEY (`id`)
) ENGINE=InnoDB AUTO_INCREMENT=3 DEFAULT CHARSET=utf8mb4 COLLATE=utf8mb4_unicode_ci;
/*!40101 SET character_set_client = @saved_cs_client */;

--
-- Dumping data for table `user_statuses`
--

LOCK TABLES `user_statuses` WRITE;
/*!40000 ALTER TABLE `user_statuses` DISABLE KEYS */;
INSERT INTO `user_statuses` VALUES (1,'single','2021-07-16 23:25:36','2021-07-16 23:25:36'),(2,'married','2021-07-16 23:25:36','2021-07-16 23:25:36');
/*!40000 ALTER TABLE `user_statuses` ENABLE KEYS */;
UNLOCK TABLES;

--
-- Table structure for table `users`
--

DROP TABLE IF EXISTS `users`;
/*!40101 SET @saved_cs_client     = @@character_set_client */;
/*!50503 SET character_set_client = utf8mb4 */;
CREATE TABLE `users` (
  `id` int unsigned NOT NULL AUTO_INCREMENT COMMENT ' ',
  `first_name` varchar(100) CHARACTER SET utf8mb4 COLLATE utf8mb4_unicode_ci NOT NULL COMMENT '    ',
  `last_name` varchar(100) CHARACTER SET utf8mb4 COLLATE utf8mb4_unicode_ci NOT NULL COMMENT '   ',
  `email` varchar(100) CHARACTER SET utf8mb4 COLLATE utf8mb4_unicode_ci NOT NULL,
  `phone` varchar(100) CHARACTER SET utf8mb4 COLLATE utf8mb4_unicode_ci NOT NULL,
  `gender` char(1) CHARACTER SET utf8mb4 COLLATE utf8mb4_unicode_ci NOT NULL,
  `birthday` date DEFAULT NULL,
  `created_at` datetime DEFAULT CURRENT_TIMESTAMP,
  `updated_at` datetime DEFAULT CURRENT_TIMESTAMP ON UPDATE CURRENT_TIMESTAMP,
  PRIMARY KEY (`id`),
  UNIQUE KEY `email` (`email`),
  UNIQUE KEY `phone` (`phone`)
) ENGINE=InnoDB AUTO_INCREMENT=101 DEFAULT CHARSET=utf8mb4 COLLATE=utf8mb4_unicode_ci;
/*!40101 SET character_set_client = @saved_cs_client */;

--
-- Dumping data for table `users`
--

LOCK TABLES `users` WRITE;
/*!40000 ALTER TABLE `users` DISABLE KEYS */;
INSERT INTO `users` VALUES (1,'Devan','Upton','prippin@example.org','(331)699-3744x6381','m','1990-10-31','2019-09-23 00:42:02','2021-07-16 22:59:05'),(2,'Augusta','Fisher','turner.beryl@example.net','165-447-8123x4430','m','2007-05-20','2012-06-02 15:19:35','2016-01-13 14:28:31'),(3,'Justice','Kautzer','lgleason@example.com','+65(9)8606381665','m','1976-12-27','2015-01-14 01:03:20','2021-07-16 22:59:05'),(4,'Helga','Buckridge','randal07@example.org','08234089541','m','2012-05-17','2017-01-01 18:34:13','2021-07-16 22:59:05'),(5,'Herman','Hane','dlabadie@example.net','1-220-618-7273','f','1977-07-24','2020-06-17 12:29:51','2021-07-16 22:59:05'),(6,'Maritza','Heathcote','cordelia.swaniawski@example.com','(294)435-0083x75875','f','1973-11-07','2015-11-01 19:51:43','2020-06-27 19:22:13'),(7,'Pinkie','Veum','boehm.madie@example.org','(902)345-3997x991','m','1986-05-29','2019-11-05 03:51:53','2021-07-16 22:59:05'),(8,'Ned','Leannon','edubuque@example.com','+90(3)0674631005','m','1990-04-26','2019-07-14 02:45:16','2021-07-16 22:59:05'),(9,'Greyson','Runolfsdottir','alexa09@example.com','09572924506','m','1977-02-13','2017-06-28 06:15:27','2021-07-16 22:59:05'),(10,'Maurice','Bailey','greta37@example.org','301.503.1866x277','f','2007-09-15','2020-03-26 03:53:55','2021-07-16 22:59:05'),(11,'Kara','Daugherty','turner.janessa@example.net','(151)747-1216','f','1977-11-29','2019-10-08 02:38:27','2021-07-16 22:59:05'),(12,'Charlene','VonRueden','dgaylord@example.com','550-880-6812','m','1999-07-03','2016-02-25 20:29:29','2017-12-09 02:49:52'),(13,'Colton','Koss','rigoberto34@example.com','724-049-5625x24754','m','2001-09-24','2013-09-11 09:16:27','2017-09-10 16:13:38'),(14,'Kelsi','Wilderman','ericka.harber@example.org','075.222.7208x08021','m','2017-05-08','2012-09-14 03:06:57','2014-12-28 14:10:05'),(15,'Ramon','Goodwin','cali.rowe@example.com','140.943.6105','m','1976-11-05','2021-07-10 05:14:31','2021-07-16 22:59:05'),(16,'Holly','Abshire','gibson.fidel@example.net','1-519-952-3459','f','1996-11-26','2012-05-08 14:05:02','2015-07-27 23:45:32'),(17,'Leonard','Simonis','ucollins@example.com','(262)312-6215','m','1986-07-17','2019-04-24 09:13:21','2019-06-12 05:15:15'),(18,'Caden','Johns','pberge@example.net','1-342-398-8736x9680','f','1990-10-07','2016-01-22 00:20:18','2021-07-16 22:59:05'),(19,'Laron','Greenholt','nicole.hermiston@example.net','502.630.4416x11111','f','1974-10-20','2019-05-24 10:47:59','2021-07-16 22:59:05'),(20,'Nyah','Mayert','llubowitz@example.net','04708665361','f','1986-02-03','2018-04-18 18:12:32','2021-07-16 22:59:05'),(21,'Velva','Lang','alfonzo30@example.com','(356)739-7344x98530','m','1975-12-06','2021-02-22 13:30:11','2021-07-16 22:59:05'),(22,'Lelah','Bergnaum','verna.douglas@example.com','729.211.6794','f','2004-09-20','2017-12-04 14:26:32','2020-04-18 14:40:19'),(23,'Amos','Hackett','karlee13@example.org','02870131487','m','1973-06-30','2020-07-14 20:55:53','2021-07-16 22:59:05'),(24,'Baby','Yundt','daisy.balistreri@example.org','+26(3)9629532985','m','2018-09-15','2014-12-31 12:26:01','2021-07-16 22:59:05'),(25,'Mariane','Davis','lou07@example.net','1-424-956-1326x147','m','1991-04-23','2019-11-01 09:30:33','2021-07-16 22:59:05'),(26,'Melisa','Grant','yadira80@example.com','1-350-453-5469','m','1990-09-13','2019-08-01 19:23:24','2021-07-16 22:59:05'),(27,'Delaney','Hodkiewicz','carey.watsica@example.org','(404)540-6982x8547','f','1998-12-31','2016-10-05 14:06:21','2021-04-17 23:35:02'),(28,'Kirsten','Simonis','vo\'reilly@example.org','(617)620-8914','m','1990-03-26','2011-12-02 23:09:21','2021-01-01 22:02:45'),(29,'Matilda','O\'Conner','wlegros@example.org','838-547-7642','m','2008-06-18','2014-12-25 11:14:22','2019-08-21 08:48:03'),(30,'Thurman','Witting','sauer.jeramy@example.org','006.640.3492x461','f','1981-09-04','2013-08-24 05:46:18','2014-07-12 03:45:02'),(31,'Sierra','Quitzon','daisy.waelchi@example.net','1-772-766-6990x33463','f','2007-10-08','2019-08-14 16:19:23','2020-02-26 09:03:57'),(32,'Lue','Metz','vchamplin@example.org','915-265-7750x60155','f','1984-12-18','2020-01-24 12:01:43','2021-07-16 22:59:05'),(33,'Johann','Ledner','utowne@example.com','1-547-421-5415x410','m','1989-06-30','2021-06-21 21:23:42','2021-07-16 22:59:05'),(34,'Stanford','Satterfield','vrobel@example.net','1-092-324-6400','m','1975-09-18','2020-11-05 02:15:29','2021-07-16 22:59:05'),(35,'Ari','Doyle','franecki.lloyd@example.net','+50(3)7140144420','f','1981-06-02','2017-06-11 08:52:14','2018-07-14 08:34:13'),(36,'Alva','Weissnat','susan69@example.net','(509)486-1056x666','m','1978-12-23','2017-11-04 02:02:06','2021-07-16 22:59:05'),(37,'Uriah','Yundt','heidenreich.carroll@example.net','1-474-427-4825x522','m','1977-04-13','2013-11-22 07:33:28','2015-02-15 16:21:00'),(38,'Yadira','Yost','salvatore.lockman@example.org','922-118-8287','m','1978-08-08','2021-07-15 03:16:20','2021-07-16 22:59:05'),(39,'Ethan','Hirthe','haley.ona@example.com','794.840.0822x011','m','1988-01-21','2011-12-21 12:05:58','2020-06-20 02:47:11'),(40,'Beaulah','Jones','fmedhurst@example.org','(467)472-1040','m','2005-05-03','2017-05-09 02:50:18','2017-08-23 07:36:31'),(41,'Johann','Predovic','jesse50@example.net','563.847.0162x2897','f','2000-04-19','2012-03-01 19:58:09','2013-08-01 11:53:34'),(42,'Anne','Kuhn','judah60@example.net','306-362-5019','m','2012-02-03','2019-02-22 22:46:56','2020-12-20 19:20:16'),(43,'Antonina','Parisian','romaine.kuphal@example.com','(366)821-4496','m','1987-09-28','2012-08-01 00:21:35','2021-07-16 22:59:05'),(44,'Adelle','Kirlin','vinnie.kovacek@example.net','1-492-572-8510','f','2009-05-11','2018-12-02 14:26:03','2021-07-16 22:59:05'),(45,'Madeline','Flatley','michale77@example.org','1-029-972-7254','f','2019-03-16','2020-10-15 16:54:05','2021-07-16 22:59:05'),(46,'Armando','Kunze','terry.velva@example.net','(335)741-4894x918','f','1977-05-19','2019-05-08 07:34:52','2021-07-16 22:59:05'),(47,'Yesenia','Willms','edythe94@example.com','+83(5)0444677770','f','2003-03-25','2019-01-02 14:36:42','2020-06-19 07:28:57'),(48,'Ansley','Becker','madaline.hagenes@example.org','(380)211-2401','f','2017-08-29','2015-09-14 15:22:29','2021-07-16 22:59:05'),(49,'Desmond','Rippin','gconn@example.org','+33(4)8544061906','m','1996-05-27','2014-06-19 20:40:37','2015-09-01 23:13:45'),(50,'Evelyn','Stoltenberg','marvin.dean@example.org','580-632-2137x88687','f','1983-04-24','2014-06-13 09:28:09','2020-11-26 18:23:42'),(51,'Antonetta','Kuphal','ttorp@example.net','1-174-575-9328','m','1972-07-06','2019-07-13 03:36:36','2021-07-16 22:59:05'),(52,'Hattie','Runte','prohaska.lesly@example.com','555.839.5482x9954','m','1995-06-27','2016-02-28 09:41:13','2020-02-05 03:44:43'),(53,'Kane','Gislason','jade.deckow@example.com','1-206-983-5136x5710','m','2006-10-25','2019-07-02 07:05:25','2021-07-16 22:59:05'),(54,'Melisa','Hansen','wuckert.donald@example.com','1-527-475-3706','m','1997-09-08','2018-04-01 01:19:17','2021-07-16 22:59:05'),(55,'Shanie','Dickens','savanna43@example.net','158.229.5774x72844','m','1998-12-07','2019-01-15 04:49:19','2020-02-04 04:59:03'),(56,'Ethel','Lindgren','nupton@example.com','1-371-069-7278x947','m','1996-12-17','2018-11-29 15:12:22','2019-01-12 12:09:04'),(57,'Luella','Wolff','johanna.feest@example.net','(993)091-4228x17476','f','2005-01-05','2013-06-11 17:18:05','2016-03-08 08:35:44'),(58,'Eryn','O\'Kon','rogahn.nella@example.org','00427951927','f','2013-08-09','2013-08-08 08:12:04','2017-09-24 09:02:48'),(59,'Jaquelin','Nader','ashleigh.bins@example.net','616-229-9531','f','2010-09-28','2020-04-27 21:31:41','2021-07-16 22:59:05'),(60,'Clifford','Tremblay','whettinger@example.net','(314)095-0841x3849','m','1987-05-01','2014-12-19 21:36:58','2018-07-12 09:25:38'),(61,'Preston','Gleason','meta.heidenreich@example.net','09625026452','m','1976-06-04','2017-09-27 11:14:42','2021-07-16 22:59:05'),(62,'Stephan','Will','dan.kohler@example.com','254.850.8988','f','1988-02-11','2014-02-16 04:05:09','2021-07-16 22:59:05'),(63,'Daija','Greenfelder','pollich.derrick@example.com','+74(9)1726922453','m','2009-08-15','2015-12-31 23:02:32','2021-07-16 22:59:05'),(64,'Kris','Reilly','adrienne98@example.org','074.219.0533','m','1994-05-12','2015-09-04 11:12:33','2017-02-12 19:55:30'),(65,'Kellie','Sawayn','lupe.lindgren@example.com','08099894861','m','2018-06-01','2011-12-03 00:18:29','2014-01-12 22:12:12'),(66,'Dylan','Mills','jalyn.windler@example.org','1-867-516-8692x3198','f','1982-12-06','2016-11-15 13:37:43','2020-09-09 04:51:31'),(67,'Richmond','Brekke','deontae.durgan@example.org','1-407-774-3360x016','m','1981-04-01','2012-02-06 20:52:15','2019-07-09 11:45:52'),(68,'Kristoffer','Keebler','jaquelin.mills@example.net','1-508-915-0005x5978','m','1996-12-26','2016-04-27 20:21:08','2020-11-06 16:06:37'),(69,'Sheila','Kuvalis','forrest51@example.net','572-167-3173','m','1978-12-15','2013-12-20 10:24:36','2019-06-16 02:11:44'),(70,'Suzanne','Frami','ydouglas@example.com','1-953-983-1622','m','2007-08-23','2016-07-19 08:17:56','2020-01-12 03:26:27'),(71,'Jason','Lockman','sigmund.harvey@example.net','025.838.9396','m','2003-04-15','2017-08-11 06:33:04','2021-07-16 22:59:05'),(72,'Ian','Kihn','laney.lesch@example.org','160-720-6518x399','f','1991-04-03','2012-09-24 14:59:23','2018-01-22 19:33:53'),(73,'Laurine','Stiedemann','bernier.briana@example.net','01281308793','f','2010-12-22','2014-02-10 22:45:33','2019-04-21 04:50:05'),(74,'Dock','Ziemann','qbayer@example.net','(331)731-7187','m','2013-10-25','2016-11-25 23:09:54','2021-07-16 22:59:05'),(75,'Silas','Krajcik','penelope.daniel@example.net','023.849.3550x47431','f','2006-11-08','2013-06-21 09:02:30','2021-07-16 22:59:05'),(76,'Hailie','Marquardt','ruby80@example.net','417.636.1581','f','1998-05-28','2013-11-12 09:54:20','2019-04-02 18:21:29'),(77,'Patricia','Hills','sfeest@example.com','209-978-3566x437','f','1971-03-27','2015-02-15 06:41:38','2021-07-16 22:59:05'),(78,'Jacky','Rowe','tnader@example.net','(118)119-9611','f','1990-02-20','2021-04-20 11:30:15','2021-07-16 22:59:05'),(79,'Marty','Weissnat','aufderhar.jessie@example.com','(618)263-6175x035','f','2019-10-19','2013-06-10 18:02:56','2018-02-17 08:57:37'),(80,'Beatrice','Harris','eldora06@example.org','00291716390','f','1987-07-14','2019-03-06 13:00:30','2019-09-30 09:04:28'),(81,'Michelle','DuBuque','bednar.christelle@example.org','+55(6)9261369436','f','2021-01-07','2013-10-08 17:54:52','2013-11-06 09:05:27'),(82,'Loraine','Bartell','dluettgen@example.com','633.483.5356x878','f','2003-05-08','2012-11-06 01:36:24','2021-07-16 22:59:05'),(83,'Jolie','Corkery','hchristiansen@example.net','709.710.0965x293','f','2000-06-21','2012-05-04 03:55:46','2020-05-14 19:21:41'),(84,'Melisa','Stark','jairo21@example.org','485.541.1833x285','f','2003-09-20','2019-11-14 01:17:40','2021-03-12 10:02:40'),(85,'Marquis','Sauer','oolson@example.org','408-764-3805x235','m','1999-10-08','2020-02-01 23:46:20','2021-07-16 22:59:05'),(86,'Braden','Grady','connor.heathcote@example.org','797-403-7328','m','1974-04-17','2020-11-26 10:46:03','2021-07-16 22:59:05'),(87,'Luis','Bradtke','emiliano33@example.org','372.823.8716x0009','f','1972-05-23','2018-07-16 05:48:16','2018-09-13 13:30:15'),(88,'Gabriella','McCullough','barrows.myrtice@example.org','572.910.3617','m','1971-05-22','2020-05-16 10:29:31','2021-07-16 22:59:05'),(89,'Samson','Bradtke','maddison.bergstrom@example.com','812-245-8307x3770','m','1975-05-15','2012-02-09 04:09:25','2016-06-15 16:02:19'),(90,'Quinten','Lindgren','enola67@example.org','(203)827-2903x4536','f','2004-02-14','2016-11-23 18:08:56','2021-07-16 22:59:05'),(91,'Andrew','Reilly','dlegros@example.net','664.600.3245','f','1985-12-25','2014-04-13 12:45:03','2018-10-12 17:44:07'),(92,'Lou','Osinski','morar.ethan@example.net','1-940-560-2745','f','2013-10-13','2017-11-08 02:51:29','2021-07-16 22:59:05'),(93,'Sonya','Dibbert','chloe.lynch@example.org','991.627.2680x817','f','1995-10-24','2013-09-26 06:30:28','2021-07-16 22:59:05'),(94,'Summer','Macejkovic','natalie99@example.org','+10(3)5353326437','m','1998-11-24','2013-01-17 10:25:08','2020-06-29 04:38:51'),(95,'Adelia','Hyatt','nwaters@example.org','1-361-695-2910','m','2009-10-02','2012-01-22 16:17:18','2015-05-18 05:21:49'),(96,'Berta','Strosin','qboyle@example.org','1-207-874-2917x3855','f','1991-10-15','2021-06-02 03:14:17','2021-07-16 22:59:05'),(97,'Kevin','Orn','ikovacek@example.com','(475)425-1574','m','2011-06-07','2012-12-08 04:33:56','2013-03-08 20:43:41'),(98,'Roberto','Douglas','dickens.kevin@example.net','1-303-769-1136','m','2016-04-13','2020-11-26 20:40:37','2021-07-16 22:59:05'),(99,'Maurice','Hickle','casey.pollich@example.net','(076)489-6892x3983','f','1997-10-05','2012-03-15 01:33:31','2015-05-24 00:56:27'),(100,'Jamir','Pouros','uleannon@example.org','348.875.9072x08800','f','2005-03-02','2014-04-30 03:26:37','2019-03-30 13:17:44');
/*!40000 ALTER TABLE `users` ENABLE KEYS */;
UNLOCK TABLES;
/*!50003 SET @saved_cs_client      = @@character_set_client */ ;
/*!50003 SET @saved_cs_results     = @@character_set_results */ ;
/*!50003 SET @saved_col_connection = @@collation_connection */ ;
/*!50003 SET character_set_client  = utf8mb4 */ ;
/*!50003 SET character_set_results = utf8mb4 */ ;
/*!50003 SET collation_connection  = utf8mb4_0900_ai_ci */ ;
/*!50003 SET @saved_sql_mode       = @@sql_mode */ ;
/*!50003 SET sql_mode              = 'STRICT_TRANS_TABLES,NO_ENGINE_SUBSTITUTION' */ ;
DELIMITER ;;
/*!50003 CREATE*/ /*!50017 DEFINER=`root`@`localhost`*/ /*!50003 TRIGGER `first_name_last_name` BEFORE INSERT ON `users` FOR EACH ROW BEGIN 
	IF  NEW.first_name IS NULL AND NEW.last_name IS NULL THEN
	SIGNAL  SQLSTATE '45000'
	SET MESSAGE_TEXT = 'Both name are null';
END IF;
END */;;
DELIMITER ;
/*!50003 SET sql_mode              = @saved_sql_mode */ ;
/*!50003 SET character_set_client  = @saved_cs_client */ ;
/*!50003 SET character_set_results = @saved_cs_results */ ;
/*!50003 SET collation_connection  = @saved_col_connection */ ;

--
-- Table structure for table `work_place`
--

DROP TABLE IF EXISTS `work_place`;
/*!40101 SET @saved_cs_client     = @@character_set_client */;
/*!50503 SET character_set_client = utf8mb4 */;
CREATE TABLE `work_place` (
  `id` int unsigned NOT NULL AUTO_INCREMENT,
  `company_name` varchar(255) CHARACTER SET utf8mb4 COLLATE utf8mb4_unicode_ci NOT NULL,
  `descripthion` varchar(255) CHARACTER SET utf8mb4 COLLATE utf8mb4_unicode_ci NOT NULL,
  `positions` varchar(255) CHARACTER SET utf8mb4 COLLATE utf8mb4_unicode_ci NOT NULL,
  `start_date` date DEFAULT NULL,
  `end_date` date DEFAULT NULL,
  `name` varchar(100) CHARACTER SET utf8mb4 COLLATE utf8mb4_unicode_ci NOT NULL,
  `created_at` datetime DEFAULT CURRENT_TIMESTAMP,
  `updated_at` datetime DEFAULT CURRENT_TIMESTAMP ON UPDATE CURRENT_TIMESTAMP,
  PRIMARY KEY (`id`)
) ENGINE=InnoDB AUTO_INCREMENT=101 DEFAULT CHARSET=utf8mb4 COLLATE=utf8mb4_unicode_ci;
/*!40101 SET character_set_client = @saved_cs_client */;

--
-- Dumping data for table `work_place`
--

LOCK TABLES `work_place` WRITE;
/*!40000 ALTER TABLE `work_place` DISABLE KEYS */;
INSERT INTO `work_place` VALUES (1,'Kris-Gleichner','Cumque non qui et laborum. Aliquam maiores voluptas dolores ut nisi. Voluptatem non veritatis optio tempora ullam dolorem.','qui','1976-05-09','1993-12-11','tempore','2013-04-17 13:31:49','2015-07-24 11:56:05'),(2,'Mante LLC','Error eligendi quam quas minus. Similique nobis eum eius aut deleniti a deserunt earum. Suscipit quia esse quia accusamus.','mollitia','1987-03-09','2021-07-16','ad','2013-06-23 03:49:18','2021-07-16 23:34:55'),(3,'Treutel-Conroy','Nihil quia accusantium beatae est consequatur. Illum debitis provident enim amet. Voluptas voluptas id enim est sint beatae ut. Explicabo nihil molestiae ipsa sed voluptas non.','et','1976-05-28','1983-02-14','non','2014-06-27 06:19:53','2021-07-16 23:34:58'),(4,'Dooley, Gleichner and Shanahan','Voluptas et numquam in culpa consequatur aut sunt sunt. Repellat sit ipsam autem iure sunt. Mollitia voluptas suscipit exercitationem debitis distinctio. Accusamus voluptatem voluptatibus ut.','omnis','2012-09-20','2021-07-16','dolorem','2020-06-21 18:23:01','2021-07-16 23:34:55'),(5,'Strosin-Bartell','Illo consequatur qui praesentium sit. Odio dolorem minus quia quisquam perferendis sapiente voluptatem. Labore facilis omnis earum aspernatur.','ullam','1988-05-07','2001-06-10','nisi','2021-03-26 02:20:05','2021-07-16 23:34:58'),(6,'Torphy Inc','Expedita ratione qui vero quis. Ex quo dolor vel natus qui. Enim ea id iure in fugit.','libero','1989-11-11','2021-07-16','molestias','2021-01-19 00:10:25','2021-07-16 23:34:55'),(7,'Reichert-Heller','Pariatur dolorem aut voluptas a quia molestiae. Quod quae esse consectetur itaque accusantium aut.','est','1999-12-04','2021-07-16','soluta','2012-04-23 12:25:26','2021-07-16 23:34:55'),(8,'Leffler Inc','Alias ex suscipit qui ipsum doloribus non. Excepturi porro veniam autem. Aut rem vitae cupiditate aut id laudantium.','voluptatem','2021-03-12','2021-07-16','in','2019-06-03 23:43:00','2021-07-16 23:34:55'),(9,'Greenfelder-Parker','Mollitia magnam id aut eveniet. Porro voluptas magnam commodi omnis tempora repellendus excepturi. Magni sed suscipit dolorem similique eum aut. Voluptatibus deleniti expedita quam.','sequi','1972-07-30','2020-01-23','rerum','2020-02-28 09:05:46','2021-07-16 23:34:58'),(10,'Brakus-Bauch','Odio quaerat velit asperiores. Totam est delectus beatae labore quisquam incidunt. Quos et dolor qui earum illum provident. Minus in sapiente dicta autem non in eveniet tenetur. Excepturi temporibus ex accusantium consequatur animi placeat et aspernatur.','deserunt','1984-05-19','2015-06-17','ut','2019-03-16 04:21:37','2021-07-16 23:34:58'),(11,'Kovacek, Wisozk and Kris','Exercitationem odio est non qui soluta beatae error. Aut aut iste cupiditate voluptatem omnis magnam. Corporis eum ea laudantium nostrum veritatis animi fuga tempore.','tenetur','2008-04-07','2021-07-16','non','2014-03-23 02:38:58','2021-07-16 23:34:55'),(12,'Hartmann-Hegmann','Aperiam ipsam nisi culpa veritatis. Non officia ut non omnis nisi aut architecto. Eligendi nihil eius voluptas officia at aperiam.','sit','1973-03-29','2018-07-10','odit','2017-04-12 19:45:36','2021-07-16 23:34:58'),(13,'Torphy-Fritsch','Illo quia aut dolores molestiae. Magnam in quam quas delectus enim possimus consequuntur. Earum incidunt sapiente et praesentium.','quidem','2016-01-10','2021-07-16','quos','2015-08-13 21:43:29','2021-07-16 23:34:55'),(14,'Ankunding and Sons','Dolores nesciunt aliquam voluptatibus temporibus. Quaerat et rerum eaque reprehenderit. In pariatur id quis vel. Officia dolore nobis molestiae dignissimos.','quis','1989-10-28','1992-07-07','pariatur','2019-08-16 16:07:55','2021-07-16 23:34:58'),(15,'Dickens-Schiller','Laborum similique nihil delectus quisquam. Ut quos labore provident et in nisi. Quis beatae ipsam veritatis libero voluptatem pariatur. Ducimus at non placeat accusamus. Occaecati tempore atque accusamus repellendus iure quasi voluptates.','provident','1982-02-27','2008-02-08','ea','2014-05-30 18:47:33','2020-09-06 21:25:58'),(16,'West, Graham and Nader','Dolores incidunt quae nihil autem architecto suscipit. Quia sed perspiciatis impedit officiis quod ipsa. Atque assumenda quis excepturi quidem vel a natus neque.','sunt','1982-06-21','2012-08-22','quasi','2018-09-10 19:49:06','2018-12-28 02:09:51'),(17,'Wolf, Schinner and Jerde','Doloremque esse enim eaque dolorum vero quia. At ut repudiandae debitis sit autem totam est aut. Voluptates voluptas fugiat dolores maiores nam error nostrum. Accusantium sapiente et voluptatem dolorum in debitis ratione.','voluptatem','2008-02-06','2021-07-16','quae','2019-12-31 21:38:34','2021-07-16 23:34:55'),(18,'Gulgowski-Stamm','Illum dolor cumque dolores. Dolores sit maiores esse enim perferendis qui voluptates voluptas. Quia et pariatur aperiam quis et ipsa repellat.','accusamus','1993-02-10','2015-02-27','corporis','2019-01-13 21:52:21','2021-07-16 23:34:58'),(19,'Spinka Group','Dignissimos cumque nesciunt aut. Voluptatem ratione minus sit autem labore sunt. Odit ullam reiciendis est non ducimus ex. Incidunt quibusdam provident deserunt ducimus sit ut harum.','non','1985-04-26','2008-12-05','non','2019-12-08 16:04:32','2021-07-16 23:34:58'),(20,'Olson, Bechtelar and Kutch','Exercitationem suscipit in similique enim molestiae adipisci voluptate. Magni omnis cumque quibusdam in et ratione. Aut sunt vel natus.','et','1980-05-05','2021-07-16','velit','2020-05-31 01:16:28','2021-07-16 23:34:55'),(21,'Hand-McKenzie','Quaerat est maiores nostrum magnam dicta aliquam. Nihil necessitatibus omnis commodi voluptates labore qui qui. Rerum ratione ea et ut maiores placeat est sed. Et dolores qui distinctio.','atque','1995-09-07','2021-07-16','consequuntur','2018-09-07 12:13:19','2021-07-16 23:34:55'),(22,'Stanton, Schuster and Kuvalis','Mollitia nulla expedita vel autem non. Pariatur voluptatem perspiciatis rem veniam qui sed ut odio.','ea','2014-08-30','2020-06-14','omnis','2017-07-03 03:50:22','2021-07-16 23:34:58'),(23,'Stokes, Connelly and Zulauf','Deserunt praesentium laudantium quaerat eum est. Laudantium aut aut eius nemo. Et fuga aut aliquid doloribus. Optio repellat ut officiis velit.','doloremque','1999-09-18','2021-06-08','rerum','2015-12-05 01:49:13','2021-07-16 23:34:58'),(24,'Gleichner and Sons','Pariatur numquam ea dolor corporis qui tempora. Totam magni necessitatibus vero similique unde assumenda voluptatem excepturi. Repudiandae voluptatem esse sed minima cum quis tenetur molestiae.','perferendis','2010-02-01','2015-02-10','ducimus','2011-08-27 12:20:40','2021-04-19 19:39:42'),(25,'Morissette, McLaughlin and Jerde','Sunt vitae similique aut in nihil natus. Incidunt doloremque hic occaecati libero vel voluptas nihil. Quia magnam quos amet error.','consequuntur','2002-11-22','2021-07-16','praesentium','2018-07-23 18:52:54','2021-07-16 23:34:55'),(26,'Schuster, Gottlieb and Schimmel','Quia quam voluptatum minus. Totam et amet accusamus consequatur corporis magnam ut.','sit','2019-10-18','2021-07-16','iure','2020-09-28 15:31:31','2021-07-16 23:34:55'),(27,'Ledner, Considine and Schroeder','Nisi quo rerum esse ipsam enim. Non maxime repellat consectetur eius accusantium provident neque. Tempora nesciunt non iste atque odio et.','aut','1984-04-03','2016-06-16','similique','2016-10-29 08:46:51','2021-07-16 23:34:58'),(28,'Kovacek Inc','Dolore dolorem itaque quia sint. Animi et qui natus autem. Molestiae dignissimos pariatur nemo corrupti. Totam doloribus eveniet perferendis repellat qui quia at.','sapiente','2006-03-07','2021-07-16','repellat','2018-06-09 22:46:13','2021-07-16 23:34:55'),(29,'Wyman, Robel and Jones','Quisquam rerum nobis porro nihil cumque sunt alias id. Non commodi deserunt et cupiditate qui corporis. Sapiente fuga ad optio nesciunt voluptatem.','officia','2017-06-12','2021-07-16','itaque','2021-07-04 15:32:17','2021-07-16 23:34:55'),(30,'Glover and Sons','Doloremque explicabo inventore quis fugiat maiores et. Repellat reiciendis nulla ut voluptas. Laboriosam culpa aliquam dolor dignissimos. Eos dolores similique similique dolor sint.','quidem','1973-08-04','2001-05-04','natus','2019-10-22 05:20:09','2021-01-06 22:46:02'),(31,'Cummings, Kuhlman and Nicolas','Autem qui dignissimos error minus tempora. Mollitia facilis corrupti voluptates id unde repudiandae minima. Velit vel consectetur rerum sint natus. Illum autem et minus molestias.','qui','2013-12-31','2020-12-23','aut','2015-12-17 20:01:08','2019-10-02 17:40:12'),(32,'Conn Group','Alias et quis consequuntur veritatis fugiat. Error explicabo explicabo hic illo earum ut. Eum ut dolores velit. Rem iste et iusto rem nisi voluptas.','delectus','1996-07-20','2021-07-16','quas','2014-02-25 10:17:35','2021-07-16 23:34:55'),(33,'Hansen, Bogan and Goodwin','Hic nihil exercitationem dolores illo repudiandae dolorem qui delectus. Eum praesentium occaecati quia est. Voluptatibus non reprehenderit impedit excepturi quos. Temporibus molestias voluptatem et ad ea quia reiciendis.','dignissimos','1981-10-12','1996-08-17','beatae','2016-09-06 20:56:50','2021-07-16 23:34:58'),(34,'Bogisich-Huels','Et et iure eum aperiam qui. Ut porro sunt sint et qui beatae. Sit quis quasi autem consectetur accusamus omnis sed.','atque','1998-08-24','2021-07-16','non','2011-12-25 19:32:35','2021-07-16 23:34:55'),(35,'Conn PLC','Animi iste qui eius delectus qui sequi quis omnis. Voluptates quidem est sapiente illum omnis qui consequatur. Soluta repellat voluptatem similique ea qui unde. Quasi sed atque optio omnis nisi et ut. A ut odit sit aut aut velit.','cupiditate','1986-04-13','2012-07-31','neque','2019-01-30 10:36:00','2021-07-16 23:34:58'),(36,'Robel-Collier','In qui aperiam adipisci repellendus repudiandae est quia. Quia et rem vel architecto similique eum. Quos sed recusandae amet maxime qui omnis. Repudiandae in sint pariatur voluptas perferendis sit.','delectus','2017-02-13','2021-07-16','qui','2014-06-08 08:52:15','2021-07-16 23:34:55'),(37,'Maggio, Marquardt and Schowalter','Est suscipit saepe ea excepturi nulla molestiae. Voluptatem possimus earum necessitatibus natus in. Rem nihil sequi vero eos aliquid a sed qui. Qui quaerat voluptatem doloribus ea et.','aut','2015-07-10','2019-06-09','quis','2012-03-22 15:03:45','2015-02-07 04:09:25'),(38,'Graham PLC','Possimus et impedit sapiente quo expedita ab accusamus. Aut consequatur qui deleniti consequatur. Eum distinctio qui voluptas nisi. Voluptatem dicta sed sed et vitae quia qui.','asperiores','1975-08-05','1987-04-10','nam','2011-09-02 08:30:19','2020-08-15 18:49:30'),(39,'Dare-Nader','Aut provident delectus illum debitis. Dolores esse deleniti labore. Aliquid nemo minima architecto sequi ipsa quaerat.','rerum','2015-12-11','2021-07-16','error','2011-08-12 13:03:58','2021-07-16 23:34:55'),(40,'Marks and Sons','Voluptas blanditiis et eaque doloribus dolor nihil. Id aliquam magnam quos ratione rem temporibus quia. Laborum dolores pariatur sit error et repellendus.','ut','2006-08-13','2021-07-16','illum','2014-11-30 13:27:06','2021-07-16 23:34:55'),(41,'Leffler-Fisher','Quae ipsam debitis nihil similique eum eum voluptatem reiciendis. Fuga quas ipsam odit officiis qui. Enim nihil accusantium vero modi nostrum. Quam eligendi nihil a dicta eligendi.','error','1977-12-07','1978-05-24','perspiciatis','2016-06-04 04:28:12','2021-07-16 23:34:58'),(42,'Lowe-Zieme','Sapiente et quo et explicabo rem. Et minima culpa laboriosam doloremque. Voluptatem nihil eum harum dolorem. Adipisci aut ut nihil animi explicabo asperiores.','consequatur','1972-07-17','2007-02-24','iusto','2016-04-15 08:48:12','2017-03-04 02:39:44'),(43,'Witting, Johnson and Mertz','Et odit aspernatur in ipsam perspiciatis perspiciatis et magni. Minima vel qui voluptatem illo aspernatur. Et ex maxime esse assumenda animi mollitia illo. Neque necessitatibus quia sequi ut rerum.','nihil','1985-08-09','2021-07-16','quo','2015-05-23 20:10:04','2021-07-16 23:34:55'),(44,'Brakus-Boyer','Ad et ex numquam ut et culpa. Sapiente voluptas aut libero ipsam. Enim ex itaque praesentium sit non reiciendis magnam.','hic','1977-04-06','1989-08-31','et','2018-04-01 03:42:46','2018-07-05 05:05:06'),(45,'Willms and Sons','Molestiae deserunt dicta accusamus repudiandae suscipit quisquam porro. Esse laboriosam officiis nemo delectus dolor voluptates.','est','2020-01-13','2021-07-16','molestiae','2014-08-23 05:08:56','2021-07-16 23:34:55'),(46,'Hickle, Barton and Gerlach','Et fugiat aliquid quam et. Quia aut et neque corporis. Ab architecto voluptatem dicta minima cupiditate magni laborum. Impedit id perferendis ex ratione.','autem','1990-07-29','2016-01-28','odio','2018-09-12 20:38:52','2021-07-16 23:34:58'),(47,'Walter-Gaylord','Nobis sunt quas qui iste est quos. Qui iusto error debitis praesentium fugiat. Ad cumque et qui quibusdam soluta. Eum nemo voluptas et aliquid quia consectetur.','ipsum','1976-07-18','1985-04-06','deleniti','2018-04-21 16:22:09','2018-11-19 12:53:13'),(48,'Dickens and Sons','Cumque sit qui quis dignissimos impedit maiores est. Ducimus consequatur repudiandae aut labore earum. Cumque fuga laborum dolor ut.','praesentium','2017-11-07','2021-07-16','asperiores','2014-08-22 12:02:31','2021-07-16 23:34:55'),(49,'Macejkovic, King and Harvey','Dicta ipsa molestiae qui sint et soluta. Odit consectetur enim molestiae nemo reiciendis. Et sed aut rerum quibusdam nesciunt consequatur et cum. Eum dignissimos sunt voluptates.','cumque','2008-08-11','2021-07-16','fugiat','2016-09-01 06:15:13','2021-07-16 23:34:55'),(50,'Jones, Sipes and Hilll','Sed velit et laudantium ex dicta. Quia numquam facere et et voluptatibus est.','a','1982-08-16','2006-04-04','quam','2021-05-30 06:02:33','2021-07-16 23:34:58'),(51,'Haag-Christiansen','Quibusdam et saepe iste esse adipisci. Cum soluta minima cum sit. Autem molestias fuga ea. Autem deleniti corporis nostrum aliquam.','accusamus','1981-02-16','1995-04-29','soluta','2013-03-26 03:40:09','2017-12-23 10:12:36'),(52,'Connelly, Casper and Legros','Nostrum recusandae assumenda fugiat error dolorum. Nisi tenetur natus autem quidem magni est aut. Rem aliquam quibusdam eos quibusdam ullam et asperiores. Quisquam aliquid tempore iste qui a eos.','corrupti','2001-10-06','2003-09-12','eos','2015-11-21 01:11:32','2016-12-11 04:45:12'),(53,'Turcotte, Funk and Kris','Aliquid quo iusto a et est. Dolores occaecati fugiat minus ab fugit. Possimus optio illum deleniti perferendis explicabo aliquam. Sint repudiandae voluptatem est autem et nostrum.','sit','1970-11-07','1990-05-10','est','2020-02-17 20:01:36','2021-07-16 23:34:58'),(54,'Cartwright-Mitchell','Cupiditate id aliquid maxime minus magni suscipit qui. Dolores occaecati sit consequatur ut. Voluptas dolor delectus unde quod et ut.','totam','2006-01-16','2013-10-16','aut','2015-02-11 14:18:49','2017-10-13 01:15:55'),(55,'Bernhard-Lesch','Nihil fugiat soluta libero iusto quia neque quas facilis. Odio ad illum sit sit pariatur nemo sunt. Id molestiae labore optio maxime. Placeat sapiente ex corrupti eveniet est beatae. Et sunt eos officiis dignissimos eos ipsum aut iure.','vel','2004-10-28','2015-06-14','iure','2012-05-26 03:55:20','2018-12-09 17:41:07'),(56,'Eichmann and Sons','Dignissimos quaerat voluptatum provident voluptates maxime optio. Mollitia animi nulla aut natus excepturi. Aperiam voluptatem natus corporis expedita et illum veritatis optio.','aut','2021-06-11','2021-07-16','nostrum','2020-09-10 12:10:56','2021-07-16 23:34:55'),(57,'Brekke Group','Nam dolorem est sit eum nihil fugit. Dolorum suscipit sapiente eos vitae consequatur suscipit dicta. Voluptatibus eum hic aliquam facilis necessitatibus.','ea','1974-02-02','1978-11-24','tenetur','2021-03-14 01:38:01','2021-07-16 23:34:58'),(58,'Brekke-Kreiger','Explicabo quasi perferendis voluptate autem rem sint natus. Et omnis qui voluptatem delectus rem. Quas in velit repudiandae ut nihil soluta voluptas.','voluptates','2019-04-03','2021-07-16','vero','2019-09-27 00:58:20','2021-07-16 23:34:55'),(59,'Gulgowski, Green and Grimes','Quibusdam ut omnis sed qui magni praesentium dignissimos doloremque. Eum doloremque ratione voluptas non earum. Ut id incidunt sed. Ipsam ratione incidunt id molestiae tempore. Explicabo voluptate pariatur itaque iure distinctio accusamus corporis quia.','et','2003-01-15','2004-08-22','totam','2013-12-29 21:08:12','2021-07-16 23:34:58'),(60,'Gulgowski-Toy','Aliquam qui quae dolorum qui sint. Quisquam ab dignissimos quisquam voluptatibus vel laboriosam doloremque velit.','et','1991-05-22','2021-07-16','qui','2017-08-14 21:14:28','2021-07-16 23:34:55'),(61,'Torp, Rogahn and Langosh','Dolorem quae est nulla corporis. Qui nobis dicta totam accusamus sit voluptatum. Quaerat non nobis vitae voluptas dolor dolores accusantium. Voluptate dolores voluptatum necessitatibus officiis reprehenderit accusamus dolores dolor.','suscipit','1994-01-05','2021-07-16','animi','2018-10-16 22:23:57','2021-07-16 23:34:55'),(62,'Jaskolski, Lindgren and Reichert','Aperiam quo voluptatem repellendus error aut aut odio. Dolor odit qui facilis id recusandae fugit at. Aperiam ut aliquam hic ab voluptatem eum. Quia consequatur commodi magni et laborum atque.','corporis','2016-07-04','2018-02-23','eveniet','2018-09-27 00:16:25','2020-02-09 07:51:23'),(63,'Kertzmann, Dietrich and Schneider','Voluptatum tempore cumque nobis molestiae repellat. Eum quas cumque mollitia voluptatibus voluptas ut ullam. Molestias blanditiis nihil voluptatem. Nesciunt autem ea delectus et animi ducimus.','itaque','1984-05-31','1991-03-26','cupiditate','2015-09-23 22:54:58','2020-07-11 16:08:38'),(64,'Schiller, McCullough and Kohler','Perspiciatis voluptas praesentium itaque qui autem. Ut consequatur accusantium iure maxime voluptas magni asperiores. Ex nostrum repudiandae cumque perferendis quia officia illo eum.','odit','1990-08-09','2021-07-16','ducimus','2020-05-07 17:12:16','2021-07-16 23:34:55'),(65,'Haley, Hagenes and Conroy','Perferendis repellendus voluptas et voluptatibus. Eligendi asperiores quo totam eum. Non fugiat ut ipsum impedit.','vitae','1998-07-19','2021-07-16','vel','2014-12-11 08:54:49','2021-07-16 23:34:55'),(66,'Gleason-Thiel','Ipsum commodi harum corrupti assumenda. Pariatur minus ex enim ut quam voluptatem eaque. Veritatis non nihil perspiciatis consequatur.','ab','1979-11-09','2011-03-25','laboriosam','2015-01-09 23:55:17','2021-07-16 23:34:58'),(67,'Von-Wisoky','Recusandae autem qui placeat dolore quidem. Est ullam dolorem animi quaerat rerum doloremque dolor.','vitae','2004-07-23','2014-12-05','placeat','2012-05-17 12:26:57','2021-07-16 23:34:58'),(68,'Hyatt and Sons','Eum sit aut ut voluptatem ea. Repellat blanditiis minima aut hic a laudantium. Dolore iste est recusandae reprehenderit enim quo provident. Aut rerum suscipit impedit aperiam.','iure','2006-11-07','2021-07-16','qui','2011-11-11 21:31:59','2021-07-16 23:34:55'),(69,'Anderson Inc','Impedit ut vitae nihil. Quisquam aut sunt similique est. Quis aut deleniti beatae et.','vero','1979-02-10','1979-05-19','error','2014-11-05 09:57:57','2021-06-10 06:56:03'),(70,'Schaefer and Sons','Deleniti temporibus fuga maiores quia aperiam. Soluta aut nam in. At amet autem quidem architecto corporis rem non.','ut','2000-05-24','2021-07-16','rerum','2021-06-16 18:51:07','2021-07-16 23:34:55'),(71,'Wintheiser-O\'Hara','Consequatur ut ex ea veniam. Nihil aut sit iusto et. Minus aut quis veritatis vel.','illo','1989-06-15','2004-10-04','nam','2019-10-15 15:40:11','2021-07-16 23:34:58'),(72,'Berge-Kessler','Nobis vel est molestiae nihil sint. Placeat perspiciatis sint voluptates consequatur tempora omnis. A alias quaerat rem repellendus qui quos nobis.','iusto','1976-05-10','1994-08-12','assumenda','2020-07-03 08:48:36','2021-07-16 23:34:58'),(73,'McDermott Inc','Doloribus molestias expedita aut facilis. Error et nihil sit quasi architecto repellendus. Dolor cupiditate minus repellendus magni ut suscipit. Quasi ea assumenda quia ut.','occaecati','1975-01-01','1996-03-10','a','2015-05-20 10:16:06','2017-08-03 22:10:06'),(74,'Koepp, Morissette and Schmidt','Accusamus iusto nesciunt odit dolores omnis qui. Aut optio accusamus aut omnis minus provident ducimus. Nisi voluptatem nisi recusandae aut suscipit aut. Aspernatur beatae nihil a neque.','iste','1974-04-11','1991-01-02','id','2013-04-07 07:05:54','2019-04-05 03:16:25'),(75,'Feil PLC','Eaque dolorem occaecati error eius. Sit fugit nisi eaque ut eveniet. Provident quia quam consequatur est neque. Eum magnam ab voluptas.','ipsum','1974-03-03','2021-07-16','natus','2020-09-04 02:50:35','2021-07-16 23:34:55'),(76,'Conroy-Gibson','Qui libero sunt aut. Aut temporibus vel sapiente. Voluptatum et molestiae harum perferendis molestiae.','voluptatem','1986-09-14','2001-11-04','et','2020-10-30 21:51:55','2021-07-16 23:34:58'),(77,'Jacobi Inc','Similique maiores vel debitis deleniti. Ut corporis aperiam eveniet accusantium voluptatum ipsum. Id velit hic nulla ab.','dolor','1971-06-24','1987-06-05','atque','2017-07-28 04:11:38','2021-07-16 23:34:58'),(78,'Wilderman Ltd','Quia explicabo tempore ratione quae. Quia exercitationem necessitatibus cupiditate velit natus. Ex ut quia eos corporis quod placeat. Dolorem architecto quidem qui sit quaerat autem.','minima','1975-10-13','2014-07-10','natus','2020-12-03 06:34:23','2021-07-16 23:34:58'),(79,'Gibson PLC','Et omnis commodi voluptates odit inventore eligendi. Dolorem et reiciendis ducimus animi molestias. Voluptas minus voluptas quia aspernatur esse officiis nemo.','rerum','2020-03-27','2021-07-16','ut','2017-06-10 19:49:51','2021-07-16 23:34:55'),(80,'O\'Reilly, Robel and VonRueden','Fugit accusantium ut maxime. At qui ullam tempora tempora voluptate aperiam similique. Deleniti laudantium fugiat et expedita.','praesentium','2019-02-20','2021-07-16','cupiditate','2014-02-09 23:59:54','2021-07-16 23:34:55'),(81,'O\'Kon Ltd','Aut placeat totam ab quis iusto dolores sit. Ut quis sint et quam. Blanditiis voluptatibus numquam ea. Eligendi animi voluptatem assumenda soluta aut maxime iste. Eum pariatur in quia at sed nihil cumque et.','ut','2013-04-12','2021-07-16','quaerat','2013-10-05 12:34:51','2021-07-16 23:34:55'),(82,'Russel-Kuhlman','Rerum amet est enim vel consequatur cum. Commodi exercitationem a eaque debitis consequatur dolores.','quis','1972-07-30','1982-03-03','ut','2016-06-10 02:26:33','2021-07-16 23:34:58'),(83,'McLaughlin-Rowe','Occaecati saepe omnis enim deserunt mollitia quasi voluptatem. Autem consequuntur distinctio quis quia magnam. Et odio et architecto ipsa. Dolorem possimus molestiae aut velit.','sit','2001-07-08','2021-07-16','dicta','2015-06-23 05:09:12','2021-07-16 23:34:55'),(84,'Kautzer-Halvorson','Tenetur nemo rerum architecto. Culpa facilis ut qui hic. Soluta fuga assumenda veniam.','quas','1973-04-06','1978-11-21','repellendus','2012-05-04 02:18:35','2019-06-08 16:30:53'),(85,'Weimann, Nolan and Walter','Consequuntur deserunt et nisi tempore. Labore rerum omnis fuga quod. Est velit assumenda assumenda doloribus eveniet et voluptas voluptates.','alias','2016-02-05','2021-07-16','dolor','2018-12-16 02:06:24','2021-07-16 23:34:55'),(86,'Kub-McGlynn','Aperiam ut consequatur assumenda expedita omnis libero quaerat. Doloremque quas cumque odio hic vel. Non vero est deserunt at error voluptatem quia quia.','saepe','1971-03-23','1989-03-13','vero','2017-08-05 08:30:46','2019-12-11 11:46:42'),(87,'Willms LLC','Quidem et deleniti neque. Nam ut sed quia molestiae alias fuga aspernatur. Consequuntur maiores optio praesentium. Iure corporis molestiae sunt corporis ducimus quaerat.','illum','1981-04-07','2012-05-13','aut','2017-01-24 21:19:45','2017-12-02 19:29:12'),(88,'O\'Hara, Murray and Konopelski','Quod est sunt iste fugiat officiis aut necessitatibus. Omnis a sed sint et non aut. Reiciendis ut exercitationem cumque laborum minima voluptas.','dolor','1982-10-19','2021-07-16','hic','2020-04-14 11:04:34','2021-07-16 23:34:55'),(89,'Lowe, Brekke and Johns','Et non in dolor ut. Sint sunt ut molestias nam sequi earum voluptatibus. Sequi sit nisi et quae harum incidunt. Similique illum ipsa at aut minus aut repellat.','ducimus','1991-10-28','2017-12-25','maxime','2018-02-01 16:14:17','2018-02-24 22:24:09'),(90,'Turcotte, Tillman and Runolfsdottir','Reprehenderit doloremque tempore placeat placeat ea eveniet. Quo veritatis ut praesentium sit rem. In alias numquam voluptate omnis aspernatur. Voluptatem aut et rem sint quidem modi.','atque','1982-12-02','2009-09-03','quidem','2021-03-31 22:26:51','2021-07-16 23:34:58'),(91,'VonRueden and Sons','Suscipit assumenda ut rerum accusantium incidunt quaerat doloremque. Dolorem voluptatum et voluptas error repellat magnam animi. Doloremque consectetur facilis harum fugiat alias aspernatur aut suscipit.','optio','2015-03-23','2021-07-16','sit','2017-08-17 08:21:20','2021-07-16 23:34:55'),(92,'Strosin, Gottlieb and Moore','Explicabo labore et quia qui. Eos sunt sunt corrupti exercitationem a blanditiis. Sint aut reiciendis id cupiditate fuga aut eum veniam. Esse possimus quod laudantium est vitae ut vitae.','perspiciatis','2004-02-01','2021-07-16','iste','2018-12-18 19:53:03','2021-07-16 23:34:55'),(93,'Crona Ltd','Maxime in est nam fugit eius. Quo beatae dolores nulla vel mollitia voluptatem adipisci. Aliquid non deserunt ut qui. Quibusdam optio laborum quos deserunt architecto labore numquam.','nemo','1991-03-03','2007-11-14','aut','2020-08-10 04:21:54','2021-07-10 23:47:28'),(94,'Leuschke PLC','Delectus dolor aliquam architecto sint et. Qui voluptate sed voluptatem velit quia ea. Et molestias repellendus sunt facilis assumenda qui.','occaecati','1990-01-30','2004-06-14','inventore','2020-02-10 14:03:54','2021-07-16 23:34:58'),(95,'Bartell LLC','Sapiente tenetur earum sint accusantium culpa maiores eveniet. Dolorum maxime veniam et in nemo non eum. Voluptas similique aut ea dolores.','architecto','1988-01-29','2004-10-05','a','2015-10-15 00:08:05','2019-02-09 12:41:53'),(96,'Wolf-Prohaska','Delectus ipsa qui voluptatem molestiae aut ut tempora. Quidem distinctio blanditiis sapiente est possimus. Et et aut tempora consequatur.','rerum','2013-07-03','2021-07-16','animi','2020-06-17 06:18:34','2021-07-16 23:34:55'),(97,'Senger-Kozey','Commodi velit neque ea rerum natus sed deleniti. Consequatur debitis est eligendi autem nam debitis est.','praesentium','1987-02-11','1991-06-14','dicta','2014-06-23 13:00:00','2016-02-17 03:56:55'),(98,'Mills-Stroman','Nulla consequatur impedit qui eum error quam. Magni et unde sunt officia ratione alias voluptatibus. Fugiat nihil ea non assumenda at.','ex','2000-10-27','2021-07-16','iusto','2012-09-29 16:50:09','2021-07-16 23:34:55'),(99,'Mante Group','Porro necessitatibus consequatur ipsa quis eum. Voluptatum commodi sunt assumenda quidem aperiam. Libero saepe voluptate minima aspernatur qui. Sint eum cum harum minus quos. Iusto et exercitationem debitis blanditiis.','velit','1977-02-06','1984-04-25','laborum','2021-07-05 19:27:20','2021-07-16 23:34:58'),(100,'Fahey Inc','Aut explicabo adipisci rem nemo qui. Exercitationem tempore sapiente nobis nihil porro eum et. Sed et et in. Earum quam cumque distinctio accusamus consequatur non.','optio','1985-05-13','2021-07-16','repellendus','2021-02-01 08:53:40','2021-07-16 23:34:55');
/*!40000 ALTER TABLE `work_place` ENABLE KEYS */;
UNLOCK TABLES;

--
-- Dumping routines for database 'facebook'
--
/*!50003 DROP FUNCTION IF EXISTS `age` */;
/*!50003 SET @saved_cs_client      = @@character_set_client */ ;
/*!50003 SET @saved_cs_results     = @@character_set_results */ ;
/*!50003 SET @saved_col_connection = @@collation_connection */ ;
/*!50003 SET character_set_client  = utf8mb4 */ ;
/*!50003 SET character_set_results = utf8mb4 */ ;
/*!50003 SET collation_connection  = utf8mb4_0900_ai_ci */ ;
/*!50003 SET @saved_sql_mode       = @@sql_mode */ ;
/*!50003 SET sql_mode              = 'STRICT_TRANS_TABLES,NO_ENGINE_SUBSTITUTION' */ ;
DELIMITER ;;
CREATE DEFINER=`root`@`localhost` FUNCTION `age`(id INT) RETURNS int
    DETERMINISTIC
BEGIN
	DECLARE y INT;
	SET y = ( select timestampdiff(year,birthday, NOW()) FROM users );
	RETURN y;
END ;;
DELIMITER ;
/*!50003 SET sql_mode              = @saved_sql_mode */ ;
/*!50003 SET character_set_client  = @saved_cs_client */ ;
/*!50003 SET character_set_results = @saved_cs_results */ ;
/*!50003 SET collation_connection  = @saved_col_connection */ ;
/*!50003 DROP FUNCTION IF EXISTS `aged` */;
/*!50003 SET @saved_cs_client      = @@character_set_client */ ;
/*!50003 SET @saved_cs_results     = @@character_set_results */ ;
/*!50003 SET @saved_col_connection = @@collation_connection */ ;
/*!50003 SET character_set_client  = utf8mb4 */ ;
/*!50003 SET character_set_results = utf8mb4 */ ;
/*!50003 SET collation_connection  = utf8mb4_0900_ai_ci */ ;
/*!50003 SET @saved_sql_mode       = @@sql_mode */ ;
/*!50003 SET sql_mode              = 'STRICT_TRANS_TABLES,NO_ENGINE_SUBSTITUTION' */ ;
DELIMITER ;;
CREATE DEFINER=`root`@`localhost` FUNCTION `aged`(id INT) RETURNS int
    DETERMINISTIC
BEGIN
	DECLARE y INT;
	SET y = (select timestampdiff(year,birthday, NOW()) FROM users.id);
	RETURN y;
END ;;
DELIMITER ;
/*!50003 SET sql_mode              = @saved_sql_mode */ ;
/*!50003 SET character_set_client  = @saved_cs_client */ ;
/*!50003 SET character_set_results = @saved_cs_results */ ;
/*!50003 SET collation_connection  = @saved_col_connection */ ;
/*!50003 DROP FUNCTION IF EXISTS `ageg` */;
/*!50003 SET @saved_cs_client      = @@character_set_client */ ;
/*!50003 SET @saved_cs_results     = @@character_set_results */ ;
/*!50003 SET @saved_col_connection = @@collation_connection */ ;
/*!50003 SET character_set_client  = utf8mb4 */ ;
/*!50003 SET character_set_results = utf8mb4 */ ;
/*!50003 SET collation_connection  = utf8mb4_0900_ai_ci */ ;
/*!50003 SET @saved_sql_mode       = @@sql_mode */ ;
/*!50003 SET sql_mode              = 'STRICT_TRANS_TABLES,NO_ENGINE_SUBSTITUTION' */ ;
DELIMITER ;;
CREATE DEFINER=`root`@`localhost` FUNCTION `ageg`(id INT) RETURNS int
    DETERMINISTIC
begin
	declare y int;
	set y = (select timestampdiff(year,birthday, NOW()) FROM users where id);
	return y;
END ;;
DELIMITER ;
/*!50003 SET sql_mode              = @saved_sql_mode */ ;
/*!50003 SET character_set_client  = @saved_cs_client */ ;
/*!50003 SET character_set_results = @saved_cs_results */ ;
/*!50003 SET collation_connection  = @saved_col_connection */ ;
/*!50003 DROP FUNCTION IF EXISTS `ager` */;
/*!50003 SET @saved_cs_client      = @@character_set_client */ ;
/*!50003 SET @saved_cs_results     = @@character_set_results */ ;
/*!50003 SET @saved_col_connection = @@collation_connection */ ;
/*!50003 SET character_set_client  = utf8mb4 */ ;
/*!50003 SET character_set_results = utf8mb4 */ ;
/*!50003 SET collation_connection  = utf8mb4_0900_ai_ci */ ;
/*!50003 SET @saved_sql_mode       = @@sql_mode */ ;
/*!50003 SET sql_mode              = 'STRICT_TRANS_TABLES,NO_ENGINE_SUBSTITUTION' */ ;
DELIMITER ;;
CREATE DEFINER=`root`@`localhost` FUNCTION `ager`(id INT) RETURNS int
    DETERMINISTIC
BEGIN
	DECLARE y INT;
	SET y = (select timestampdiff(year,birthday, NOW()) FROM users where id = id);
	RETURN y;
END ;;
DELIMITER ;
/*!50003 SET sql_mode              = @saved_sql_mode */ ;
/*!50003 SET character_set_client  = @saved_cs_client */ ;
/*!50003 SET character_set_results = @saved_cs_results */ ;
/*!50003 SET collation_connection  = @saved_col_connection */ ;
/*!50003 DROP PROCEDURE IF EXISTS `loce` */;
/*!50003 SET @saved_cs_client      = @@character_set_client */ ;
/*!50003 SET @saved_cs_results     = @@character_set_results */ ;
/*!50003 SET @saved_col_connection = @@collation_connection */ ;
/*!50003 SET character_set_client  = utf8mb4 */ ;
/*!50003 SET character_set_results = utf8mb4 */ ;
/*!50003 SET collation_connection  = utf8mb4_0900_ai_ci */ ;
/*!50003 SET @saved_sql_mode       = @@sql_mode */ ;
/*!50003 SET sql_mode              = 'STRICT_TRANS_TABLES,NO_ENGINE_SUBSTITUTION' */ ;
DELIMITER ;;
CREATE DEFINER=`root`@`localhost` PROCEDURE `loce`(country varchar(100))
BEGIN
SELECT u.first_name, c.name , co.name 
	FROM users u 
		INNER JOIN profiles p 
			ON u.id = p.user_id 
		INNER JOIN location l 
			ON p.location_id = l.id
		INNER JOIN city c 
			ON l.city_id = c.id 
		INNER JOIN country co 
			ON l.country_id = co.id
		where country.id = country;
end ;;
DELIMITER ;
/*!50003 SET sql_mode              = @saved_sql_mode */ ;
/*!50003 SET character_set_client  = @saved_cs_client */ ;
/*!50003 SET character_set_results = @saved_cs_results */ ;
/*!50003 SET collation_connection  = @saved_col_connection */ ;

--
-- Final view structure for view `dat`
--

/*!50001 DROP VIEW IF EXISTS `dat`*/;
/*!50001 SET @saved_cs_client          = @@character_set_client */;
/*!50001 SET @saved_cs_results         = @@character_set_results */;
/*!50001 SET @saved_col_connection     = @@collation_connection */;
/*!50001 SET character_set_client      = utf8mb4 */;
/*!50001 SET character_set_results     = utf8mb4 */;
/*!50001 SET collation_connection      = utf8mb4_0900_ai_ci */;
/*!50001 CREATE ALGORITHM=UNDEFINED */
/*!50013 DEFINER=`root`@`localhost` SQL SECURITY DEFINER */
/*!50001 VIEW `dat` AS select `u`.`first_name` AS `first_name`,`u`.`last_name` AS `last_name`,`u`.`created_at` AS `created_at` from `users` `u` where (year(`u`.`created_at`) = 2013) */;
/*!50001 SET character_set_client      = @saved_cs_client */;
/*!50001 SET character_set_results     = @saved_cs_results */;
/*!50001 SET collation_connection      = @saved_col_connection */;

--
-- Final view structure for view `loc`
--

/*!50001 DROP VIEW IF EXISTS `loc`*/;
/*!50001 SET @saved_cs_client          = @@character_set_client */;
/*!50001 SET @saved_cs_results         = @@character_set_results */;
/*!50001 SET @saved_col_connection     = @@collation_connection */;
/*!50001 SET character_set_client      = utf8mb4 */;
/*!50001 SET character_set_results     = utf8mb4 */;
/*!50001 SET collation_connection      = utf8mb4_0900_ai_ci */;
/*!50001 CREATE ALGORITHM=UNDEFINED */
/*!50013 DEFINER=`root`@`localhost` SQL SECURITY DEFINER */
/*!50001 VIEW `loc` (`name`,`city`,`country`) AS select `u`.`first_name` AS `first_name`,`c`.`name` AS `name`,`co`.`name` AS `name` from ((((`users` `u` join `profiles` `p` on((`u`.`id` = `p`.`user_id`))) join `location` `l` on((`p`.`location_id` = `l`.`id`))) join `city` `c` on((`l`.`city_id` = `c`.`id`))) join `country` `co` on((`l`.`country_id` = `co`.`id`))) */;
/*!50001 SET character_set_client      = @saved_cs_client */;
/*!50001 SET character_set_results     = @saved_cs_results */;
/*!50001 SET collation_connection      = @saved_col_connection */;

--
-- Final view structure for view `loh`
--

/*!50001 DROP VIEW IF EXISTS `loh`*/;
/*!50001 SET @saved_cs_client          = @@character_set_client */;
/*!50001 SET @saved_cs_results         = @@character_set_results */;
/*!50001 SET @saved_col_connection     = @@collation_connection */;
/*!50001 SET character_set_client      = utf8mb4 */;
/*!50001 SET character_set_results     = utf8mb4 */;
/*!50001 SET collation_connection      = utf8mb4_0900_ai_ci */;
/*!50001 CREATE ALGORITHM=UNDEFINED */
/*!50013 DEFINER=`root`@`localhost` SQL SECURITY DEFINER */
/*!50001 VIEW `loh` (`name`,`city`,`country`) AS select `u`.`first_name` AS `first_name`,`c`.`name` AS `name`,`co`.`name` AS `name` from ((((`users` `u` join `profiles` `p` on((`u`.`id` = `p`.`user_id`))) join `location` `l` on((`p`.`location_id` = `l`.`id`))) join `city` `c` on((`l`.`city_id` = `c`.`id`))) join `country` `co` on((`l`.`country_id` = `co`.`id`))) */;
/*!50001 SET character_set_client      = @saved_cs_client */;
/*!50001 SET character_set_results     = @saved_cs_results */;
/*!50001 SET collation_connection      = @saved_col_connection */;
/*!40103 SET TIME_ZONE=@OLD_TIME_ZONE */;

/*!40101 SET SQL_MODE=@OLD_SQL_MODE */;
/*!40014 SET FOREIGN_KEY_CHECKS=@OLD_FOREIGN_KEY_CHECKS */;
/*!40014 SET UNIQUE_CHECKS=@OLD_UNIQUE_CHECKS */;
/*!40101 SET CHARACTER_SET_CLIENT=@OLD_CHARACTER_SET_CLIENT */;
/*!40101 SET CHARACTER_SET_RESULTS=@OLD_CHARACTER_SET_RESULTS */;
/*!40101 SET COLLATION_CONNECTION=@OLD_COLLATION_CONNECTION */;
/*!40111 SET SQL_NOTES=@OLD_SQL_NOTES */;

-- Dump completed on 2021-07-21 19:26:12
